geo,name,1960,1961,1962,1963,1964,1965,1966,1967,1968,1969,1970,1971,1972,1973,1974,1975,1976,1977,1978,1979,1980,1981,1982,1983,1984,1985,1986,1987,1988,1989,1990,1991,1992,1993,1994,1995,1996,1997,1998,1999,2000,2001,2002,2003,2004,2005,2006,2007,2008,2009,2010,2011,2012,2013,2014,2015,2016,2017,2018,2019,2020,2021,2022,2023,2024
afg,Afghanistan,,,,,,,,,,,,,,,,,,,,,,,,,,,,,,,,,,,,,,,,,308.31827,277.11805,338.13997,346.07163,338.63727,363.64014,367.75831,410.75773,417.64728,488.83065,542.87103,525.42698,568.92902,580.60383,575.14625,565.56973,563.87234,562.76957,553.12515,557.86153,527.83455,408.62586,377.66563,378.0663,
ago,Angola,,,,,,,,,,,,,,,,,,,,,2835.45919,2613.73939,2519.35159,2529.40192,2583.61983,2577.46509,2557.95884,2571.49692,2637.78186,2550.29431,2380.17624,2324.36938,2118.16655,1559.51715,1529.99443,1701.69728,1867.93503,1936.91619,1961.03723,1938.86184,1932.98848,1947.85673,2139.8726,2128.19579,2277.86697,2526.41058,2716.25303,2983.04187,3193.28772,3100.60927,3114.69609,3099.94229,3236.57495,3268.63891,3300.73511,3213.90261,3020.98333,2911.60084,2775.74642,2664.43851,2433.37637,2385.44882,2382.02264,2334.66104,2364.84659
alb,Albania,,,,,,,,,,,,,,,,,,,,,1823.48926,1890.02197,1905.06353,1885.6928,1823.32356,1818.02507,1883.74041,1831.94704,1772.17936,1894.87827,1682.88109,1218.96427,1138.23774,1254.67888,1367.22059,1558.96639,1683.76966,1495.90035,1630.43874,1841.80763,1991.91436,2188.91854,2297.10854,2428.68935,2567.29764,2712.86984,2894.36033,3105.87968,3345.98162,3459.24696,3579.82413,3677.89458,3720.22876,3790.68016,3883.63263,3981.72662,4143.98988,4283.98263,4452.23715,4563.46736,4437.65347,4880.72346,5178.88431,5444.93,5726.02571
and,Andorra,,,,,,,,,,,43005.54241,41930.15052,42354.74513,42738.16831,42363.44598,40073.41037,39058.58866,38021.81983,36647.70204,34983.99909,34281.74395,32958.76504,31996.5442,31117.19623,30392.84207,29997.08627,29680.13294,30064.99797,30469.34424,31180.41233,31143.14687,29642.30598,28161.94249,26518.23363,26587.1383,27619.50606,28871.21607,31140.68968,31800.36407,32938.64374,34113.81738,36790.10371,38084.48431,39620.32016,40054.32115,40528.17486,41322.05292,40789.15897,37775.12614,35604.38401,36277.26444,37637.48683,36206.97843,35684.16943,37300.62442,38654.93472,40085.0206,39361.06226,39242.1449,39346.27503,34536.64992,36929.01915,39780.39661,40227.23353,41034.5074
are,UAE,,,,,,,,,,,49105.84682,57374.99238,69436.76479,108198.81754,110539.67902,105792.82975,108662.7466,114430.05285,98826.10173,106042.17418,117949.37655,113999.50946,100275.25994,90186.17698,88731.21951,81077.257,64745.48656,62391.55193,56872.357,60031.8691,66979.15592,63905.62647,62667.13545,60391.46558,61614.34159,62860.27733,62334.40666,62177.42838,57785.03114,55354.94396,57365.39833,54574.81417,52607.66151,54020.47357,56027.61004,55777.90183,57053.78956,52428.06807,48281.3478,42991.55352,42645.63596,43800.1593,42868.0975,43269.84047,43023.19042,43534.99727,43745.28817,42690.21478,42679.75191,42700.12979,40776.63087,41778.58388,42687.72072,42507.78734,42512.19717
arg,Argentina,7397.10965,7670.59546,7480.27172,6967.7502,7551.02491,8219.55156,8041.22487,8172.27456,8436.30856,9111.94597,9244.12252,9614.61062,9617.68815,9729.53259,10100.44691,9936.49583,9584.74852,10088.33749,9480.94009,10284.60641,10275.7987,9587.67379,9365.68465,9617.70006,9614.44726,8973.31875,9378.46866,9484.45877,9236.80771,8445.41009,8115.09386,8729.82319,9293.18692,9920.67359,10359.89272,9934.10776,10352.14,11056.68813,11348.20221,10838.31993,10631.65036,10051.94485,8861.56199,9545.53194,10302.44653,11099.75092,11870.27916,12811.90212,13197.35703,12285.37847,13387.15537,14040.61891,13754.42542,13946.09508,13456.13192,13679.6265,13265.88606,13520.11298,13058.32854,12706.39781,11393.0506,12549.28117,13182.7934,12933.24973,12667.03137
arm,Armenia,,,,,,,,,,,,,,,,,,,,,,,,,,,,,,,1644.02215,1426.82791,840.20526,792.56786,857.39447,932.35783,995.72828,1039.07982,1128.09889,1180.45342,1229.2151,1351.12073,1535.20453,1759.64685,1955.22262,2240.09273,2551.43546,2919.37349,3141.33194,2716.97436,2796.08143,2943.83687,3159.75861,3266.29883,3393.09252,3512.3935,3533.88504,3815.37474,4027.83393,4343.4584,4032.09043,4264.79962,4791.00482,5197.23509,5378.318
atg,Antigua and Barbuda,,,,,,,,,,,,,,,,,,6062.49731,6310.85528,6795.69319,7323.12586,7584.59253,7564.22182,7951.66483,8766.99058,9479.64251,10620.99819,11383.20247,12037.42653,12729.29043,13166.52412,13385.01144,13326.27288,13776.82641,14420.4694,13519.52877,14117.86791,14588.30798,14991.78026,15282.9734,15961.09184,15003.43892,14968.0703,15703.93471,16433.41305,17301.21343,19259.64865,20770.26897,20464.78631,17746.70086,16135.39738,15633.90911,15989.39002,15748.1952,15967.285,16077.63408,16635.89523,16992.93275,18042.15964,18525.25889,14950.89424,16084.72144,17456.87222,17789.40581,18468.99517
aus,Australia,19905.31347,19997.545,19767.95708,20597.92606,21607.49222,22455.25098,22470.51761,23587.62812,24355.62825,25531.53653,26829.7631,26975.66552,27520.00051,27812.44551,28231.02391,28258.06548,28700.29463,29399.00248,29318.74636,30178.38945,30717.77803,31251.82033,31736.04475,30608.3684,31632.38927,32861.41624,33674.17055,34014.73541,35389.45533,36143.14778,36886.14443,36279.75405,36029.48457,37155.5124,38264.14667,39310.79823,40337.10605,41464.49822,42967.66167,44636.94181,45859.51621,46191.31424,47486.27832,48394.12695,49902.0187,50853.19767,51553.9686,52531.76112,53336.10122,53237.00776,53578.8125,54111.35724,55257.57393,55728.0174,56327.85331,56739.02653,57401.06623,57750.64822,58530.78217,58924.73365,58132.79852,59276.50311,61009.80771,61598.17761,61211.89676
aut,Austria,11894.74413,12484.80875,12737.18537,13179.35245,13893.58584,14283.99738,14984.55303,15320.35833,15922.63867,16863.58635,18001.78308,18838.3156,19891.82599,20749.34399,21530.63422,21509.31234,22533.88033,23669.50863,23638.77841,24947.52707,25379.46299,25278.29524,25768.21927,26577.24547,26592.54692,27244.21484,27853.50499,28213.6634,29102.32225,30097.65129,31167.1858,31919.55735,32231.12161,32134.82991,32780.34194,33603.42783,34301.65622,34998.03212,36180.74906,37468.86989,38571.08588,38929.7538,39313.72251,39569.28856,40333.33072,40989.01318,42120.1557,43568.83022,44063.8642,42372.47583,43035.40735,44146.19568,44221.45995,43851.36755,43838.83459,43915.22802,44362.67028,45056.63859,45951.58192,46550.56225,43428.69831,45313.3989,47250.9696,46338.95706,45562.04069
aze,Azerbaijan,,,,,,,,,,,,,,,,,,,,,,,,,,,,,,,2866.41061,2808.72744,2141.34004,1621.91809,1284.95555,1120.30868,1123.44794,1177.19686,1282.68414,1365.56585,1504.73107,1640.93664,1782.47319,1949.60609,2111.45338,2674.36886,3556.83212,4412.20326,4778.12452,5118.43395,5300.11049,5149.20665,5193.17501,5425.99559,5508.60266,5500.50365,5272.71817,5229.2526,5261.92938,5346.95319,5087.50023,5349.58226,5599.58525,5668.6102,5871.13222
bdi,Burundi,288.87898,242.94155,258.3243,263.40037,272.06274,275.13792,280.97916,311.79876,303.5408,292.68575,347.4745,348.44642,326.14655,349.11075,338.00166,332.02135,350.45301,380.74785,366.42691,363.38261,351.90042,378.94366,365.71019,369.26885,360.98938,394.9021,400.15602,412.65405,423.91981,421.28769,427.03003,439.18623,431.91886,417.9193,399.30963,346.3213,318.39568,313.35714,322.03096,311.23062,302.21916,300.79988,305.43836,292.3186,295.23512,287.03069,291.8664,290.97912,292.79376,288.94192,289.85695,290.94803,293.23262,296.8169,299.07748,280.96683,274.51336,269.47689,265.67239,261.75018,255.07822,255.91795,253.69164,253.44565,255.5984
bel,Belgium,11715.82684,12258.29974,12845.96687,13305.12714,14096.66769,14466.62693,14822.71752,15310.6185,15890.1322,16895.70484,17951.32238,18632.84229,19542.88674,20724.74058,21602.80183,21116.99155,22270.85356,22382.64845,22997.27376,23514.51179,24532.45696,24464.58699,24616.83723,24695.56497,25305.03205,25715.35797,26174.75509,26755.69808,27930.4859,28794.65488,29609.62075,30040.55084,30376.87453,29967.39442,30839.24143,31508.62266,31862.66939,32991.50101,33566.98759,34676.60516,35878.31536,36148.28809,36600.86259,36826.26993,37976.6973,38645.26052,39371.08583,40520.08432,40380.9075,39293.63755,39991.56462,40236.95963,40074.4928,40007.89979,40533.9135,40893.80454,41172.88628,41619.32863,42208.36257,43006.40423,40769.02181,43121.94297,44596.786,44722.19553,44837.72427
ben,Benin,655.91301,665.43125,631.42072,649.26012,679.35645,701.33215,711.85817,704.83858,716.64016,721.5325,720.6051,694.03404,721.87632,731.31312,737.94833,684.96229,674.04087,689.85879,680.6511,706.10443,733.49064,783.92519,778.63877,723.48352,758.36117,791.72716,785.14307,750.40384,752.70403,709.18891,749.45967,757.40315,756.08089,765.47991,752.27751,781.06479,793.79505,814.9014,821.45997,838.97679,861.21329,879.85446,893.1371,896.14676,907.62443,893.91537,900.62054,926.74011,943.20338,936.56565,928.24666,927.71641,943.91877,982.39921,1014.43301,1002.41887,1006.03927,1032.90471,1071.50452,1114.17305,1126.65404,1176.37728,1218.49669,1263.62158,1324.78313
bfa,Burkina Faso,244.16726,250.39409,261.88092,254.73118,256.56891,262.00132,259.13029,277.31319,280.96032,281.73764,277.18411,276.29048,277.8465,274.15251,291.30315,294.05076,312.38599,306.31982,312.54638,315.71697,309.80528,314.28658,334.96047,326.73027,311.78833,328.71516,344.99391,334.889,344.90446,343.08982,332.15328,353.20672,345.40182,348.58121,344.37118,354.84119,383.97358,397.83896,415.27351,433.10473,428.3098,442.91412,448.12886,468.26305,474.08641,499.1928,514.11313,519.26101,533.4713,533.47008,561.84722,581.60366,600.73134,616.74133,624.57689,630.12475,648.42048,669.27631,694.49281,717.0216,713.84218,745.47256,739.36302,744.16576,763.91178
bgd,Bangladesh,429.3987,442.7548,453.53488,438.49751,472.52638,466.29742,464.5606,442.63152,470.57666,462.97325,476.49576,442.58127,373.48319,375.0121,399.51051,373.26037,384.50955,385.08552,402.3856,411.66927,405.22677,423.53712,420.872,425.64657,434.78235,438.38248,446.08025,452.65976,453.83924,457.25433,473.44482,480.67336,497.37117,511.19351,521.32314,537.93195,552.07711,566.27114,584.44818,600.23232,620.56047,641.28892,655.67214,676.82625,702.65636,739.20372,779.41957,825.50823,866.45816,901.72963,943.66423,995.57995,1050.3914,1103.15696,1159.40753,1224.38648,1299.83091,1373.75364,1462.2505,1564.20802,1604.66592,1702.08028,1804.34935,1885.37734,1941.27874
bgr,Bulgaria,,,,,,,,,,,,,,,,,,,,,3428.40954,3584.44141,3657.2878,3773.31602,3892.35687,3996.86484,4166.14171,4411.88626,4889.25637,4784.05469,4427.01075,4093.47672,3836.76399,3810.24376,3892.7111,4021.99531,4253.23468,3675.18086,3839.97684,3537.34546,3717.92892,3937.70165,4260.40483,4519.18445,4849.87144,5231.33818,5629.80132,6048.74234,6464.72203,6288.72549,6428.71747,6605.30858,6693.42776,6792.73551,6941.01855,7268.65445,7586.50415,7898.70695,8211.9364,8644.24952,8450.60389,9168.85176,9601.43271,9810.66891,10089.92021
bhr,Bahrain,,,,,,,,,,,17423.52467,17249.01242,18258.31311,19724.65165,20304.81746,17582.57544,21815.07648,23475.82664,23251.05311,22978.2198,22551.98609,20521.42502,18310.99086,18811.4381,19065.31915,17516.6361,17091.2903,18193.20734,18774.13952,18183.31193,18345.838,20882.50586,21701.22203,23858.19312,23180.33226,23465.71292,23795.20925,23893.13357,24386.59165,24773.84641,25407.96941,25106.28697,24149.0156,23857.64036,23688.11211,23439.67044,23095.01813,23112.48881,23127.2148,22206.9372,22224.07362,23288.04494,23894.88044,24271.62788,24135.49913,23734.05511,23715.27913,23606.88675,24059.78386,24873.66401,23586.93096,24086.78478,25234.40256,25342.62266,25916.46416
bhs,Bahamas,18778.71104,19781.85195,20778.84942,21844.60615,23040.07264,24337.45306,25358.90197,26526.61495,27437.98912,28576.45116,25941.55371,25551.96873,24004.56501,25212.09144,20522.8423,17106.27634,17606.14232,18809.68553,21034.91207,26013.7383,27191.57377,24256.32275,25450.97592,25926.40553,29105.07801,29993.45495,30012.92502,30389.57892,30564.87293,32052.08236,30995.58426,29193.08957,27566.06846,27137.26694,27503.72518,28236.46756,28967.14261,28902.66625,29837.53559,31544.45704,32424.83303,32870.19914,33374.71164,32559.41785,32444.17988,33144.89609,33541.96025,33549.44553,32331.93017,30581.43406,30657.53199,30492.7734,31553.62069,30368.36227,30658.73564,30719.40542,30152.23546,30974.77462,31537.44375,31117.68254,24791.65381,29114.22794,32186.51398,33009.87432,33968.38634
bih,Bosnia and Herzegovina,,,,,,,,,,,,,,,,,,,,,,,,,,,,,,,791.21167,715.68994,704.99968,747.93043,871.14272,1012.92705,1497.56625,1973.47801,2261.36869,2452.13194,2566.58782,2616.41413,2742.33363,2854.84505,3062.93619,3216.86882,3418.75501,3663.94489,3927.87966,3876.39718,3980.04128,4093.05152,4138.70218,4305.46756,4411.38102,4662.25884,4876.53472,5099.81614,5360.17444,5583.29732,5490.75367,5995.44818,6327.06294,6493.22234,6698.04067
blr,Belarus,,,,,,,,,,,,,,,,,,,,,,,,,,,,,,,2888.81297,2852.83086,2573.29955,2372.48517,2097.38187,1885.36063,1944.687,2175.40374,2368.78331,2460.36944,2615.36377,2753.0337,2910.39938,3137.26262,3520.40453,3877.71739,4291.68647,4682.20677,5177.64535,5200.77419,5616.09412,5941.68999,6052.63737,6115.43288,6212.91667,5967.05595,5811.20159,5964.89669,6165.9132,6267.73509,6251.98899,6457.73054,6206.6191,6497.78451,6791.32648
blz,Belize,1554.73651,1590.49534,1626.44946,1661.02467,1694.31091,1725.6733,1753.86598,1784.37413,1858.36452,1898.20625,1945.04198,1987.9875,2158.2441,2241.94064,2511.38844,2557.6816,2504.71435,2612.70758,2762.21027,2907.69405,3183.73546,3139.22709,3058.54266,2921.07446,2909.06008,2871.0304,2934.26575,3177.26856,3411.77099,3771.13385,4111.68186,4498.65988,4966.68328,5165.54062,5055.70052,4966.79959,4874.55662,4914.25622,4930.24629,5212.3655,5662.33419,5763.67721,5893.70035,6273.01059,6381.59598,6335.67778,6434.11864,6465.21936,6183.93892,5997.24331,5919.55662,5777.83113,5866.25149,5998.17831,6109.47778,6154.49593,6016.49647,5772.92692,5729.21045,5886.96224,5003.87785,5824.30394,6269.37997,6212.26052,6622.56381
bol,Bolivia,1276.96577,1277.28495,1321.00916,1381.6441,1406.29045,1444.22712,1514.70698,1575.49636,1672.33211,1708.50359,1758.01016,1805.97392,1906.55558,1971.13272,1983.7165,2081.06944,2127.83295,2182.67537,2176.90983,2130.75448,2054.79727,2015.24576,1894.05947,1778.78743,1737.68728,1672.78978,1595.83503,1601.01835,1613.04847,1639.11334,1679.40848,1731.39514,1724.36335,1762.66831,1809.57065,1858.78185,1904.28702,1962.86404,2025.50335,1998.94534,2014.19025,2013.84581,2029.66994,2050.07133,2099.99081,2156.1867,2221.42723,2283.42734,2383.25033,2422.57579,2481.40701,2568.52052,2657.23885,2793.51457,2900.90242,2996.0129,3077.57058,3160.16421,3246.76435,3272.38171,2949.81955,3098.35062,3172.91047,3226.08756,3226.18808
bra,Brazil,2603.51901,2743.38889,2838.4723,2772.57995,2785.07443,2772.67176,2878.69979,2921.37243,3126.53548,3338.76247,3595.95086,3907.01226,4268.38385,4748.26246,5013.81725,5148.91062,5543.43638,5679.78591,5821.49131,6069.05474,6472.85215,6055.09781,5967.779,5664.96369,5841.74986,6167.51344,6494.28088,6591.60883,6463.00545,6545.42576,6149.86789,6107.64884,5973.98286,6167.46092,6427.16902,6596.33573,6640.72701,6764.85842,6687.49524,6621.63676,6817.78424,6823.03397,6944.62337,6941.44046,7258.78185,7409.56913,7622.04007,8003.25413,8330.7646,8246.09707,8792.63436,9067.99316,9167.49924,9366.73932,9338.34278,8936.19662,8577.84377,8628.25309,8722.3363,8771.44051,8435.01143,8799.22946,9032.08482,9288.02701,9564.57608
brb,Barbados,7381.79714,7873.0478,8510.62522,7999.08328,8315.38348,9172.24087,9439.02088,10354.42564,11006.5952,11791.22804,12915.45472,13432.5965,13577.00122,13722.53116,13060.57835,12792.12539,13335.71314,13811.32042,14489.2088,15650.38802,16318.2291,15960.88459,15129.17443,15151.31177,15639.67364,15755.80857,16508.51496,16892.73261,17452.0562,18056.0932,17426.93518,16696.22733,15691.70533,15770.10133,16050.73978,16347.81938,16982.00879,17779.65248,18439.46839,18495.46863,19351.46384,18867.64903,18892.17321,19184.92804,19344.96079,20004.76674,21117.31411,21454.19711,21477.20806,20294.78267,19763.95236,19555.73211,19438.21791,19191.43755,19160.1223,18954.29137,19251.98342,19237.28749,18974.85718,19064.99759,16166.65595,16099.77497,18959.33516,19734.23803,20474.63918
brn,Brunei,,,,,,,,,,,,,,,64932.08408,62303.46789,72760.0836,77308.86279,80082.67914,96517.13329,84483.38935,63568.33221,63000.67395,61220.70779,57811.77184,54270.08433,49618.46453,49057.08452,46889.49139,44296.33887,44179.82769,44201.13939,41672.37074,40342.05024,39721.43425,39274.49776,38331.65745,39820.21066,36331.18119,37045.93421,37509.59833,37269.30975,37976.26266,38595.16869,37948.65895,37312.2778,38229.3565,36174.51637,34126.69409,32855.60203,33121.31767,33754.36397,33544.53888,32381.07383,31148.72962,30625.12873,29492.41454,29524.65905,29200.19512,29996.24058,30015.95873,29256.18329,28549.17553,28645.96446,29605.87761
btn,Bhutan,,,,,,,,,,,409.39951,406.29142,397.26204,389.59392,395.97778,370.05604,389.66543,406.33737,420.6822,426.15956,432.83864,482.23572,483.02353,516.67806,523.42217,527.7916,570.05429,713.58715,725.55492,756.38098,812.67133,795.19184,863.4639,917.29129,963.01657,1043.38749,1099.85818,1138.39922,1182.98781,1248.61601,1259.62376,1321.09878,1427.25693,1506.41528,1552.73915,1632.0217,1701.11878,1952.25735,2017.76019,2148.5648,2378.72811,2552.48871,2654.74799,2671.0746,2797.81884,2954.04082,3173.36773,3211.80903,3300.55006,3467.38599,3092.12428,3206.20367,3349.7331,3488.84449,
bwa,Botswana,393.86174,409.50217,426.90164,441.72805,460.82443,480.49065,508.14173,535.40525,588.90719,674.38999,785.47488,971.5929,1184.4737,1370.73283,1419.44207,1464.68785,1539.17387,1635.51259,1760.5707,1859.49458,2002.99615,2111.34564,2276.04982,2484.51796,2603.44866,2693.78188,2816.76937,3050.23176,3536.42325,3888.73045,4039.46544,4224.09858,4226.73999,4186.14547,4219.44081,4399.13886,4543.21053,4809.44392,4724.93671,5070.94772,5062.64289,4971.96372,5175.47655,5320.4403,5369.42517,5514.21743,5865.00027,6085.63545,6158.61629,5179.41386,5584.50343,5850.07858,5742.91924,6284.97678,6547.12254,6141.20395,6490.83464,6662.57645,6843.84612,6951.73189,6254.24806,6895.91185,7159.58606,7269.05171,6937.33181
caf,Central African Republic,575.89439,593.18956,560.32677,545.58141,545.87489,539.81704,531.90309,544.74707,540.09341,565.30834,565.81217,560.46466,549.59871,549.35455,573.02421,564.26076,586.13716,602.1997,603.11967,581.9823,549.85107,535.2718,569.90986,517.40056,559.57606,574.32485,587.34832,551.03943,551.20937,547.97364,519.78674,500.99115,454.14897,441.38491,448.78444,468.15053,437.92505,448.63466,457.14886,460.8279,437.16893,446.65863,452.8087,418.24053,433.82523,427.96804,439.29433,450.76279,450.31362,492.2154,519.14146,532.38295,553.72958,349.82117,351.56155,366.32285,376.85825,387.35795,395.02002,401.82582,398.83427,396.02062,398.9154,397.4678,390.09057
can,Canada,15432.47175,15605.52319,16455.75355,17007.69071,17800.86414,18585.88144,19476.02707,19715.09365,20371.14409,21114.28706,21428.90913,21642.54078,22573.56629,23799.69553,24257.8168,24275.81275,25369.46344,25960.6392,26663.7707,27384.67793,27622.3734,28215.53086,26999.07908,27418.49161,28762.9722,29851.64329,30183.40879,31001.12985,31951.55047,32116.92332,31700.54626,30654.33316,30563.37881,31032.75461,32074.15626,32595.45152,32801.30186,33867.00791,34894.61343,36391.53534,37906.86013,38200.45612,38921.6673,39270.02346,40108.75875,41006.22295,41663.51231,42106.87244,42067.56871,40376.41538,41164.33991,42043.64198,42320.64313,42851.17053,43643.23564,43594.1941,43551.3426,44339.38867,44907.34369,45100.29151,42366.12854,44639.19327,45677.68658,45048.28424,44401.71539
che,Switzerland,39907.26393,42297.96472,43214.51549,44364.46603,45930.29296,46358.45084,47005.68734,47845.6267,48942.13649,51120.43463,53989.16064,55895.35262,57246.12968,58558.19251,59091.08409,54811.34556,54351.75797,55863.55358,56087.04613,57369.14323,59771.44922,60397.27322,59259.16083,59382.70138,60949.93237,62910.65816,63747.33593,64352.55525,65975.10658,68278.06213,70063.85171,68559.93823,67778.54754,67079.46439,67391.84442,67264.91133,67284.10917,68640.07453,70510.02564,71341.34287,73749.93895,74439.46376,73824.38492,73254.95299,74718.68363,76282.98407,78893.80782,81254.1701,82481.06806,79585.5217,81315.42283,81874.33624,81964.88649,82479.92157,83394.37129,83806.4476,84611.09987,84967.58865,86756.60223,87123.66042,84637.01329,88661.20298,90605.01943,90084.83417,89783.12814
chl,Chile,3222.68321,3330.52708,3391.27068,3512.5701,3528.85793,3485.36105,3813.48804,3879.664,3948.30027,4040.0058,4039.58221,4353.5362,4252.43567,3973.50397,3959.79582,3419.82797,3488.60952,3818.62804,4063.4185,4341.27884,4627.19349,4866.1267,4244.09899,3975.62231,4072.50465,4153.3702,4310.54363,4528.63338,4783.26035,5192.6138,5290.53695,5606.86557,6151.76546,6461.73217,6688.29718,7201.131,7605.28953,8058.94229,8287.45061,8161.45169,8465.35303,8632.01482,8810.69053,9130.78426,9642.37479,10104.42084,10611.6144,11051.34507,11356.09221,11116.40934,11649.28971,12252.84411,12882.83442,13182.73296,13285.95404,13433.9203,13505.09771,13473.34585,13763.00688,13630.59354,12679.024,14051.47136,14283.14895,14280.34756,14579.40011
chn,China,241.38866,177.35393,166.08929,178.74904,206.39972,235.70412,253.63744,232.93683,217.6295,247.61741,287.36099,299.31284,303.17429,319.32528,320.02142,341.83549,331.30244,351.55828,386.17326,409.9834,436.59179,453.07271,486.89442,531.39131,604.35403,676.27998,725.82936,797.34114,872.65935,895.53053,917.27066,989.54854,1117.27329,1258.34946,1406.85846,1545.19429,1681.62744,1819.09789,1944.4372,2076.81813,2237.44299,2405.89397,2610.7296,2857.03735,3127.86277,3465.81734,3883.35413,4409.75701,4811.47472,5237.76667,5764.86535,6275.90956,6723.19444,7198.06876,7686.57793,8175.33285,8679.37704,9221.51404,9798.65285,10356.48042,10573.64201,11469.57071,11830.59837,12484.15788,13121.67699
civ,Cote d'Ivoire,1495.16747,1584.79701,1544.73084,1701.85098,1925.78185,1795.15447,1927.01291,1939.09574,2099.19941,2209.89957,2340.31065,2453.14653,2445.07611,2475.02677,2466.81999,2551.29706,2765.86772,2861.15877,3055.9403,3010.66075,2576.9166,2562.42592,2466.30364,2276.867,2128.6419,2138.06011,2123.0746,2035.62091,1981.38877,1962.4217,1866.07857,1794.12063,1719.71261,1649.47036,1598.69239,1647.08777,1706.9765,1801.13163,1808.42289,1770.8654,1717.95386,1636.57319,1551.27926,1441.58802,1451.86547,1431.7332,1437.77454,1420.1739,1454.62732,1473.91837,1540.52927,1426.46464,1503.43433,1632.32713,1742.53693,1814.71855,1889.27778,1972.81432,2013.32308,2093.09994,2055.08484,2146.47635,2227.09845,2312.13337,2390.74711
cmr,Cameroon,935.69995,932.28003,942.75929,956.89173,969.22905,966.95059,988.59444,860.0869,892.4911,912.75411,916.71063,923.60476,922.8805,945.93271,1018.79726,1102.17637,1014.07667,1124.03777,1334.4875,1375.91817,1305.68366,1475.9895,1549.61272,1622.46829,1695.95061,1778.8809,1842.96432,1749.42467,1565.13475,1492.28176,1360.47765,1271.04659,1196.85082,1070.98275,1060.87327,1062.01607,1077.38925,1096.69758,1118.5082,1138.36299,1151.27689,1169.9267,1189.96708,1221.09446,1271.74327,1264.74345,1277.32991,1295.73067,1295.02211,1290.89961,1290.90137,1297.3065,1319.66962,1347.21306,1381.81938,1415.0001,1435.61831,1444.90683,1461.0197,1470.31785,1434.51914,1443.576,1458.6618,1466.76886,1481.39595
cod,"Congo, Dem. Rep.",1255.69661,1091.02374,1288.32778,1320.03818,1253.81953,1231.99389,1278.48523,1229.48529,1245.68661,1323.04601,1282.64332,1322.99782,1290.35657,1358.50275,1364.08494,1262.22497,1164.70931,1144.26483,1050.00742,1018.10163,1008.33936,1002.41538,968.33183,951.35855,971.07137,943.79384,957.67196,952.77108,927.07725,886.86072,801.56702,710.03209,614.36954,512.95486,470.16173,454.20063,440.99406,409.58806,392.136,362.99379,327.24014,310.38027,309.91179,317.77812,329.34906,338.98098,346.1797,356.88681,367.84375,366.83023,380.57804,393.61617,407.67108,427.45852,452.33965,467.91458,462.47215,462.48292,473.29408,478.63243,471.50442,484.78465,511.29927,537.508,555.0972
cog,"Congo, Rep.",1192.85617,1259.50433,1290.76326,1206.15341,1218.55874,1228.77601,1210.73884,1201.4013,1255.92952,1311.23002,1353.23817,1414.23871,1489.16526,1562.12627,1633.52186,1711.43755,1685.48231,1498.31802,1556.66717,1670.77966,1921.96862,2211.31674,2674.95109,2773.62664,2894.09974,2776.76428,2511.48682,2443.7902,2415.94092,2408.1416,2363.76702,2352.52754,2346.67914,2255.94361,2069.7964,2092.54338,2122.62819,2064.7536,2095.34404,1986.84789,2057.01922,2056.16506,2100.16877,2058.88684,2058.88403,2140.03686,2226.02335,2004.10104,2061.5583,2211.31572,2332.28508,2307.49384,2467.06103,2390.65755,2488.68119,2439.35189,2174.1931,2003.27121,1909.95604,1885.51081,1725.5104,1701.7906,1686.00234,1677.08549,1679.58056
col,Colombia,1961.22914,1998.42316,2042.63528,2046.30756,2108.00878,2119.99499,2167.35671,2194.44365,2262.17424,2338.10714,2421.22502,2504.49731,2634.72069,2748.14553,2841.38135,2843.73102,2914.01197,2968.66258,3148.23887,3244.08652,3300.5117,3298.73219,3253.88047,3228.35593,3260.28459,3289.7121,3410.15965,3520.16262,3588.96964,3636.07569,3714.18499,3713.17728,3787.59429,3912.65908,4059.32146,4189.72771,4198.69126,4265.69352,4213.828,3967.1134,4016.80952,4020.5079,4058.28494,4154.17529,4311.91591,4457.27537,4694.03443,4947.25261,5048.57187,5046.97122,5214.24548,5517.10111,5675.75618,5910.80592,6121.83982,6248.51491,6316.07068,6309.67745,6353.54643,6439.9636,5891.95523,6457.16922,6856.72591,6828.59754,6873.42302
com,Comoros,,,,,,,,,,,,,,,,,,,,,1005.65621,1015.47497,1050.78238,1071.16981,1084.4741,1078.59581,1068.5664,1056.63981,1056.09369,995.55532,1019.1956,941.0062,1000.29825,1011.72827,941.52584,958.7262,930.18602,951.15147,946.9026,948.07737,1030.93948,1033.51343,1035.39872,1037.00511,1037.06258,1044.94497,1051.18592,1038.68654,1058.62282,1105.09838,1135.35908,1178.42049,1227.83834,1309.4758,1331.21228,1329.37048,1338.59047,1385.61418,1413.98189,1437.37135,1465.89783,1476.38688,1488.85613,1505.25419,1527.09891
cpv,Cape Verde,,,,,,,,,,,,,,,,,,,,,581.75507,622.17584,630.37322,680.30927,696.04726,745.62023,756.2601,777.83096,813.03746,846.57404,835.12072,826.6814,896.51936,953.86101,1113.93806,1248.28104,1365.49821,1492.01847,1652.11117,1809.80583,2037.31721,2051.21734,2127.70872,2186.895,2379.79636,2514.16779,2683.83944,3056.97103,3238.44159,3159.58699,3194.61668,3309.20122,3341.74211,3361.09388,3383.84228,3415.06267,3560.14007,3719.71306,3853.6794,4115.90283,3255.93629,3471.65534,3997.76763,4192.40126,4475.453
cri,Costa Rica,3609.4092,3542.674,3600.83309,3713.74116,3718.23603,3890.27312,4029.53384,4127.67382,4348.20736,4459.98825,4665.11649,4850.53964,5112.64691,5368.03692,5523.18885,5496.15762,5650.75234,5994.14245,6202.51127,6335.45848,6211.82989,5908.21722,5329.87185,5333.8521,5605.37575,5492.83543,5641.94391,5756.51907,5802.82891,5979.07411,6037.05112,6018.68284,6408.20532,6693.49083,6826.32273,6940.83702,6871.60941,7085.98834,7430.17241,7584.42137,7726.51986,7854.23396,7989.55926,8207.45747,8445.52915,8655.33965,9160.29437,9779.51149,10104.9092,9883.67567,10285.08567,10612.46949,11001.51929,11151.14379,11422.67358,11714.7106,12084.43513,12468.56545,12679.52536,12877.6501,12242.20989,13146.69279,13686.16141,14318.83897,14866.58237
cub,Cuba,,,,,,,,,,,2620.08771,2795.97523,2884.41117,2941.10693,2932.40456,3174.54976,3314.86184,3574.73735,3785.59685,3806.65442,3606.7439,4297.33731,4650.66606,4863.89364,5206.71097,5246.1353,5206.52967,5036.6722,5174.62121,5160.02681,4961.45739,4395.45493,3861.87437,3270.55048,3280.38453,3348.88763,3599.32499,3687.4253,3680.98418,3895.54643,4112.26168,4229.90309,4277.39566,4426.966,4670.18802,5182.35284,5799.41164,6215.76604,6469.08508,6561.25305,6716.49048,6902.16398,7109.24834,7307.82004,7392.48325,7727.91997,7774.06985,7927.27769,8120.43124,8124.75282,7252.31672,7379.014,7552.33152,7433.42885,
cyp,Cyprus,,,,,,,,,,,,,,,,6173.31836,7484.83203,8708.4502,9350.99023,10197.66211,10667.83887,10756.25684,11269.81543,11801.19238,12669.49512,13127.52734,13458.52637,14253.55762,15322.68652,16306.32812,17144.46875,16829.91211,17928.54102,17623.28516,18281.02148,19453.8457,19385.28711,19617.18555,20562.29688,21349.75,22383.96484,23019.25,23604.18945,23930.7832,24799.64844,25631.36719,26395.50391,27156.81836,27449.22656,26183.68555,26090.04883,25538.78125,24285.49609,22738.49023,22581.82812,23487.22852,24916.63281,26105.58594,27406.47656,28625.7793,27391.5918,30228.03516,31967.54102,32340.8418,32998.67188
cze,Czech Republic,,,,,,,,,,,,,,,,,,,,,,,,,,,,,,,11900.58446,10543.6196,10479.49187,10475.08491,10775.94439,11453.38002,11944.71715,11886.34809,11850.83962,12026.46881,12543.93643,12958.46676,13179.98781,13618.93496,14259.63343,15147.72144,16107.30425,16892.54285,17190.64703,16272.80848,16665.93178,16926.28467,16772.35392,16759.78086,17118.04256,17931.59877,18359.09781,19257.69307,19736.62953,20360.05992,19233.14695,20373.8783,20627.34865,20251.74855,20444.54307
deu,Germany,12600.3274,13041.15947,13524.64911,13766.53554,14562.83589,15196.32662,15493.82838,15372.21501,16171.55315,17233.96971,18053.28777,18584.71342,19291.39268,20149.47715,20320.9009,20220.02098,21311.94502,22075.21891,22759.1493,23693.26019,23977.26986,24067.48255,23995.26618,24436.54733,25213.38205,25858.05886,26437.41773,26766.96006,27651.03627,28507.16213,29747.69094,31040.29356,31425.6476,30915.87289,31609.11028,31990.79498,32229.47787,32779.28025,33461.31922,34152.00323,35087.08916,35601.36283,35460.41214,35252.97451,35670.48702,36006.85781,37437.39188,38570.91464,38996.14341,36927.19203,38517.43979,40712.65773,40829.03489,40875.02629,41588.07638,41911.01099,42528.06371,43520.18643,43874.0131,44207.63206,42362.64721,43898.77132,44180.42984,44008.13116,44108.70126
dji,Djibouti,,,,,,,,,,,,,,,,,,,,,,,,,,,,,,,,,,,,,,,,,,,,,,,,,,,,,,2140.13769,2253.14082,2376.12555,2502.85181,2596.45135,2677.16503,2781.9435,2773.40662,2854.15987,2959.78673,3134.30077,3276.07868
dma,Dominica,,,,,,,,,,,,,,,,,,3222.03446,3545.92645,2885.5952,3266.22843,3624.7501,3789.84214,3904.07088,4085.35549,4161.42449,4476.86828,4784.9143,5189.25475,5212.92846,5536.87902,5638.3071,5750.3256,5865.47624,5863.78284,6042.20177,6235.05937,6381.53987,6639.15946,6687.23997,6879.59746,6897.65674,6676.97271,7047.6619,7323.853,7381.74729,7698.53701,8106.18952,8682.57378,8582.71481,8574.27309,8553.83847,8532.34388,8459.6587,8576.26368,8282.59875,8499.52292,7985.63411,8261.16493,8624.51696,7302.94455,7738.3173,8590.92209,8946.98823,9172.7105
dnk,Denmark,17520.74648,18508.69644,19405.89568,19376.28034,21003.91099,21790.23123,22208.42892,23330.99516,24546.65385,26071.03995,26356.12702,27005.36507,27871.04354,29010.51915,28597.32231,28112.97095,29723.09111,30218.96004,30853.37201,32025.19135,31745.91679,31519.63581,32770.48672,33663.58647,35142.76746,36587.44529,38268.06839,38396.56707,38482.66636,38727.71838,39306.79392,39776.59618,40447.23283,40280.89359,42270.65209,43328.52934,44331.61996,45546.58962,46437.19211,47657.17319,49266.98828,49557.151,49624.59654,49708.09091,50956.30454,52015.18412,53823.15903,54113.97715,53572.53466,50635.91181,51209.44928,51667.53132,51470.68985,51970.39093,52368.3626,53094.01336,54300.20396,55601.01457,56355.07331,57114.62273,55934.55559,59803.92022,60248.67122,61295.98186,63229.94797
dom,Dominican Republic,1375.70722,1302.09311,1477.33268,1525.89214,1580.54481,1343.16949,1480.13902,1485.05706,1446.25744,1558.83668,1791.74554,1931.67321,2073.93933,2277.57291,2349.43576,2406.52288,2502.18413,2560.10264,2549.46563,2599.28948,2738.15969,2787.51517,2769.43027,2831.54374,2802.38052,2682.59998,2717.5753,2929.52596,2930.16708,2995.08175,2772.77066,2741.93908,2989.6063,3147.6706,3167.94494,3286.36149,3419.506,3659.50819,3840.8718,4004.19877,4123.10573,4158.9843,4280.80182,4162.66686,4212.01044,4549.24957,4904.71716,5204.78501,5308.92665,5294.64953,5666.45633,5773.57403,5860.29893,6075.034,6430.27811,6800.95309,7177.75376,7379.39978,7818.70593,8117.04639,7395.87343,8344.9051,8698.13592,8809.96335,9168.29475
dza,Algeria,2388.42008,2027.27352,1604.48774,2122.43109,2209.90698,2311.73975,2161.49134,2313.25859,2505.3141,2655.44329,2826.24146,2449.95227,3050.82217,3093.38056,3245.60799,3290.8276,3408.01821,3459.304,3672.11778,3830.80959,3742.71025,3731.93905,3840.57539,3912.93659,3993.39541,4002.55619,3888.36476,3746.16567,3606.26839,3666.85308,3605.68701,3478.50976,3455.92936,3302.91951,3201.56914,3255.18727,3322.95538,3297.46603,3410.88254,3471.49196,3553.32421,3610.00606,3754.66082,3945.89816,4066.28205,4223.60252,4279.61547,4339.25056,4367.56538,4336.10054,4456.61027,4501.3543,4518.43979,4543.23444,4634.10149,4685.05903,4768.7314,4742.90076,4717.00359,4672.66409,4363.68534,4456.74688,4544.46688,4660.40546,4747.34625
ecu,Ecuador,2391.68004,2444.25903,2492.22623,2472.24897,2578.95935,2586.06762,2501.91558,2540.66169,2513.00216,2553.05925,2648.64799,2733.31599,2787.37878,3085.0429,3333.36861,3595.34514,3754.40921,3710.30598,3815.91235,3852.47842,3889.17817,3999.22199,3918.96098,3804.53282,3803.57699,3852.89106,3888.31507,3785.72228,3916.01015,3866.16748,3919.71758,4000.5682,4000.03146,3996.99377,4087.34069,4100.68735,4093.84154,4192.85523,4252.04349,3979.19294,3953.3988,4049.00019,4174.89794,4220.21298,4430.23718,4589.32849,4706.98057,4715.3036,4939.90215,4909.33682,5022.20374,5359.45725,5579.85624,5893.32173,6055.04173,5976.15968,5849.13588,6104.27254,6063.09562,5971.38938,5355.68934,5815.09477,6107.49495,6174.81823,5999.39391
egy,Egypt,754.66513,773.35995,782.46413,842.32611,915.12863,935.95421,958.85066,942.86066,905.16466,930.0309,959.05606,975.17244,982.10521,993.42932,985.86208,1048.96951,1160.79194,1235.6971,1309.77615,1335.53152,1431.40108,1495.85483,1599.40083,1632.38201,1738.32577,1785.07843,1817.07626,1835.11343,1882.26798,1921.8563,1972.13789,1940.10019,1979.0201,1989.9792,2024.95374,2074.83991,2133.64804,2204.66576,2277.28505,2361.86425,2458.60835,2492.03441,2498.48121,2524.80477,2574.42342,2635.70305,2761.62411,2902.0656,3052.21298,3135.09661,3233.84521,3222.3765,3220.99194,3216.37839,3235.66246,3306.98159,3381.22246,3452.90961,3568.63966,3701.24463,3770.86948,3837.31992,4029.78295,4111.31185,4137.60929
eri,Eritrea,,,,,,,,,,,,,,,,,,,,,,,,,,,,,,,,,642.07223,705.98841,829.91504,806.703,838.66057,895.03377,899.08297,886.05368,845.13243,893.26874,889.00911,830.37967,808.59142,809.79479,789.40243,789.0727,693.39887,702.43094,703.87737,751.3749,,,,,,,,,,,,,
esp,Spain,6284.85198,6963.89798,7586.92105,8242.39256,8594.11568,9032.89961,9588.73319,9882.54412,10397.63934,11212.71893,11559.59548,11952.15091,12784.28274,13628.56006,14237.90228,14161.14624,14475.20824,14733.68582,14805.98819,14682.13194,14886.4067,14761.37763,14855.91085,15045.40018,15250.45351,15548.04004,16005.97326,16850.09035,17670.97486,18494.93976,19174.77083,19612.9766,19698.51177,19394.49314,19762.38863,20217.90319,20658.84028,21310.43119,22135.4045,23017.83877,24106.88185,24878.37845,25205.31548,25481.16537,25825.31065,26294.44738,26899.09215,27338.79542,27112.52629,25860.81426,25766.25158,25510.55797,24763.56827,24498.55595,24947.85125,25982.44162,26719.24423,27426.28102,27956.72255,28301.43939,25077.01988,26705.36291,28152.46615,28569.84364,29192.5674
est,Estonia,,,,,,,,,,,,,,,,,,,,,,,,,,,,,,,9341.22561,8637.20598,6934.17067,6706.56,6738.99914,7170.94608,7637.25708,8732.99086,9199.93534,9133.89593,10006.76963,10662.9455,11474.66227,12424.04415,13348.52845,14703.61797,16234.5152,17543.46618,16688.99777,14274.85111,14657.93981,15820.92234,16460.68435,16809.53267,17413.68676,17722.15577,18264.98733,19270.81412,19914.34549,20579.87567,19946.9457,21351.39548,21080.65314,20123.4227,20046.02988
eth,Ethiopia,,240.26772,244.42443,248.96909,252.41974,259.91586,271.60348,275.27028,278.86127,275.06143,276.90288,287.0232,291.26846,298.11238,300.01012,296.41443,289.45416,291.67024,294.62255,287.08978,303.84799,309.29601,300.24594,316.02025,299.1343,258.41653,275.12812,302.76506,292.63702,280.59297,277.76889,247.00934,216.29254,236.26672,235.46238,241.5263,262.72472,262.41134,245.50448,250.23577,257.4127,270.45144,266.31661,252.80667,278.64811,302.47502,325.54339,352.3607,379.23831,401.06873,438.78662,474.15903,500.91936,539.07245,578.63292,621.84567,662.3273,706.16423,734.22773,774.51217,799.4756,822.30588,843.64801,876.16853,916.29414
fin,Finland,11153.77862,11917.58549,12189.78893,12501.53942,13083.46768,13731.41191,14004.64599,14231.10516,14493.66994,15893.30975,17145.41877,17527.38861,18771.1589,19968.37953,20507.01821,20784.68836,20793.49107,20785.06849,21330.59877,22791.42362,23945.06037,24150.57824,24756.93892,25373.6804,26052.78673,26862.79921,27513.38865,28412.44979,29811.95094,31214.67502,31291.52226,29290.9774,28162.35123,27807.86147,28785.91957,29890.52433,30883.83472,32762.11791,34457.45559,35886.49491,37872.60203,38784.13081,39343.0699,40038.98397,41521.96287,42529.35069,44069.39588,46213.6899,46359.87328,42412.51335,43556.53858,44391.45357,43507.93454,42883.6385,42502.48802,42560.34568,43529.67616,44862.2204,45337.24096,45898.57084,44690.98011,45792.04542,46016.14921,45353.45305,44855.33046
fji,Fiji,2135.00106,2143.81527,2153.38612,2219.4831,2256.38661,2129.25179,2068.36187,2286.3162,2413.46577,2424.80443,2679.36141,2811.37077,2970.33175,3263.55934,3299.67026,3268.68434,3302.90293,3426.10601,3408.49389,3735.04198,3588.6339,3725.85926,3420.17356,3206.53996,3392.64401,3159.91257,3333.21188,3066.12841,3062.15306,3257.20436,3414.95053,3295.72686,3471.43144,3522.84228,3682.00014,3755.26834,3910.82964,3785.46685,3787.48702,4073.37709,3960.88903,3998.79729,4086.10434,4087.72449,4264.59724,4255.45097,4295.4068,4223.44801,4240.77266,4164.29315,4272.35915,4375.58085,4427.97844,4630.35127,4883.243,5097.53107,5218.85823,5500.6784,5720.21447,5701.10435,4729.38131,4489.96061,5362.78681,5736.82886,5926.74107
fra,France,10733.30389,11133.14707,11779.2904,12384.53658,13040.5667,13537.04862,14119.52064,14690.80747,15227.47702,16176.7441,17024.1167,17763.42671,18407.15401,19465.89265,20244.61707,19922.00195,20707.75472,21347.55584,22078.72282,22792.23595,23050.9256,23186.76127,23666.51218,23836.40189,24102.01762,24358.13827,24813.03026,25308.62092,26374.12218,27372.05348,27992.97515,28197.23595,28482.51947,28257.09625,28822.50065,29379.61584,29683.77861,30325.52287,31256.50738,32152.72075,33255.13796,33640.6738,33753.5783,33840.61757,34557.14711,34946.03725,35645.41624,36322.16851,36257.36589,35052.85108,35578.1968,36269.95615,36161.29183,36256.08668,36444.39491,36702.43237,36920.53428,37580.59793,38062.4436,38705.20729,35709.20459,38030.85717,38881.22306,39117.4845,39441.26105
fsm,"Micronesia, Fed. Sts.",,,,,,,,,,,1710.08913,1699.9964,1672.8342,2180.6225,2447.41907,2388.24965,2340.49301,2339.54285,2403.52276,2379.24287,2140.90381,2278.8078,2153.62839,2131.39587,1988.53896,2252.26509,2364.53008,2327.85624,2331.79962,2367.54459,2410.22248,2542.21769,2592.34106,2744.19965,2679.25739,2837.15025,2734.95215,2560.83811,2626.59894,2655.47573,2774.79495,2826.84272,2840.20752,2889.0467,2809.06586,2879.62179,2895.03542,2863.83529,2819.07927,2875.73866,2952.1158,3041.77718,2979.68062,2863.90347,2790.77011,2911.16211,2915.62717,2928.72278,2917.31795,3026.12235,2958.48866,3030.84654,2929.91266,2930.55143,2937.80021
gab,Gabon,3311.29694,3756.64161,3987.37303,4176.15,4307.94712,4601.58265,4738.29147,4857.54225,4899.79966,5195.79923,5527.63605,5969.45075,6511.21796,7026.71577,9594.10323,11184.72419,14823.88299,12653.31375,9377.06284,9187.35766,9182.5268,9399.27026,8866.93462,9113.43671,9533.31659,9058.49955,8741.05139,7044.15675,7730.93575,8162.58241,8354.26309,8627.38986,8138.86822,8237.74339,8322.61011,8514.9401,8603.00813,8870.12551,8949.1211,7944.64518,7596.09971,7556.76995,7338.75621,7301.67154,7148.98713,7130.22506,6724.08149,6908.67399,6468.38523,6264.83611,6481.49612,6699.23395,6803.22668,6938.25754,6998.60545,7047.12655,6991.32514,6840.05959,6724.59614,6817.56879,6534.27967,6479.04901,6527.48208,6541.69711,6618.78692
gbr,UK,15136.02458,15427.1318,15464.82662,16095.44213,16885.79275,17135.07448,17307.97521,17692.85839,18570.51846,18852.07565,19285.64977,19878.3584,20667.24221,21973.0492,21413.64235,21099.64657,21719.0455,22260.162,23194.79396,24042.78769,23526.2555,23332.80257,23806.79809,24803.42715,25326.12967,26316.71543,27082.98195,28482.86668,30048.82067,30743.22753,30876.37064,30441.48134,30481.03489,31165.15445,32281.48016,33011.29457,33777.52808,35349.79064,36446.26168,37435.88444,38921.89657,39769.87198,40312.98241,41390.60621,42167.35573,43023.22771,43724.89574,44524.5707,44065.61567,41712.83192,42311.43298,42459.96302,42794.77526,43274.33775,44324.39232,44983.88552,45485.651,46439.86168,46862.96736,47379.80148,42429.1858,45902.8332,47682.76153,47251.43872,47265.00095
geo,Georgia,1438.21569,1484.57937,1536.95623,1578.11919,1640.50449,1789.99342,1902.99607,2002.25562,2072.58285,2151.35584,2387.4681,2421.14178,2464.7721,2601.53892,2806.25364,2991.21007,3150.85726,3345.20715,3572.82136,3808.01906,3948.86535,4122.87659,4169.97924,4311.29872,4506.66814,4688.07187,4266.72495,4285.8726,4479.40018,4146.25681,3534.03228,2768.81016,1513.85017,1062.09528,966.4196,1029.48055,1187.12321,1354.78352,1431.79336,1503.46299,1561.19868,1661.83019,1768.59701,1977.46143,2105.00473,2321.60084,2554.81254,2891.13702,2970.15858,2887.25608,3090.06514,3362.103,3609.7808,3806.50601,3960.3508,4086.62235,4225.09155,4442.50744,4713.65355,4975.81148,4659.60925,5175.19865,5736.3045,6180.6206,6840.00904
gha,Ghana,1100.76305,1106.49457,1124.53316,1146.37281,1144.13833,1132.30703,1058.32348,1064.83942,1043.06653,1078.40357,1152.05177,1179.06074,1117.82315,1117.34246,1159.77576,986.61305,924.77924,918.3367,966.36655,913.72902,891.57805,836.50966,756.2945,700.39605,741.56987,762.74778,784.93792,803.92961,829.01739,849.68658,855.85251,878.6357,890.31317,910.7229,918.42872,933.89531,954.32539,970.99574,992.20632,1010.88195,1022.27521,1035.22666,1052.46592,1077.69991,1108.30475,1143.31179,1185.26571,1205.31706,1282.63417,1311.63054,1381.22795,1537.81834,1640.54072,1718.59705,1726.3693,1722.77283,1740.81102,1841.44636,1915.45323,1999.55372,1970.19411,2030.04867,2067.20896,2091.81336,2169.66527
gin,Guinea,,,,,,,,,,,454.02189,469.853,472.47607,471.89092,488.62222,494.75501,525.69382,500.22487,525.81846,510.9379,515.0755,508.55675,507.41276,503.2547,499.09979,511.8855,514.94883,518.46071,536.93514,544.12529,548.37153,540.62275,540.76824,551.00674,555.96278,565.55336,574.30287,591.77353,601.90799,611.00769,614.13724,628.32055,650.55496,644.07122,645.18284,651.35961,645.472,673.699,684.77578,660.7567,675.73692,696.19999,719.50592,729.83314,738.27227,747.35697,807.23642,867.9075,899.90733,926.42222,945.5709,973.64689,987.5025,1016.88095,1049.08394
gmb,Gambia,,,,,,,541.08019,526.39336,560.86834,558.54686,576.32849,559.62991,544.83905,577.94193,594.16138,648.28012,674.97403,676.45542,696.18491,664.35375,682.14443,680.76324,652.06664,696.84948,694.30265,662.00814,662.00233,651.24509,653.00003,663.33131,658.71117,651.22962,646.42103,641.91874,622.55132,609.61849,605.40992,617.2976,621.22606,642.87371,659.91124,679.53976,640.03893,665.83422,693.56331,658.67629,636.59603,637.20931,657.67568,681.43347,701.01452,625.46436,639.13988,638.52237,611.87947,619.53636,615.19337,628.7773,658.12783,682.79764,670.75864,689.49324,710.68698,727.83872,752.33602
gnb,Guinea-Bissau,,,,,,,,,,,530.03821,507.72911,539.72878,540.02272,545.74358,554.53961,545.71672,474.08244,502.50398,494.91281,411.22819,478.36502,490.61844,466.47849,500.94809,513.57856,501.44168,507.77997,522.56859,545.34064,569.16967,585.58551,574.852,567.86007,568.16887,578.38185,632.16091,660.53777,502.81554,576.3308,571.09402,585.83798,594.04054,579.09251,572.52646,595.94256,597.25715,597.48202,608.95862,608.20213,625.90403,658.95347,630.66862,634.09546,623.61016,645.06684,663.24261,677.46613,686.45682,707.8962,706.60078,727.1434,750.73115,766.82923,786.21031
gnq,Equatorial Guinea,,,,,,,,,,,,,,,,,,,,,457.60886,460.6949,443.12678,436.57182,415.03066,443.49568,412.63131,412.79022,407.24136,387.12829,366.3144,349.35288,453.63781,485.39223,545.59547,617.29483,989.77727,2380.32107,2833.33185,3423.12126,3839.08643,5882.8505,6604.00546,7082.65489,9208.60567,10212.45451,10521.99968,11594.91721,13048.07031,12627.86238,10984.32439,11203.90737,11650.71963,10731.64557,10363.48725,9068.91003,7971.83402,7259.10936,6578.9004,6018.12066,5575.26242,5487.92479,5524.24312,5118.21986,5041.94039
grc,Greece,4985.7605,5599.49726,5586.54223,6225.12933,6786.24149,7481.9033,7909.24508,8289.86934,8829.42259,9814.49792,10666.62088,11453.21235,12535.12768,13488.1244,12573.3482,13248.92126,13938.5386,14162.99109,14993.68914,15293.93132,15246.9944,14876.1172,14617.23522,14375.69966,14591.86305,14900.08623,14927.76134,14541.86031,15110.41467,15602.97332,15438.7937,15727.47354,15717.04638,15374.86263,15604.03399,15857.41619,16005.95116,16501.03165,16973.82937,17358.4347,18002.90646,18742.42358,19548.36774,20632.2557,21688.1051,21880.52658,23220.53244,23973.69361,23923.88007,22878.13466,21547.72418,19448.2558,17924.66205,17644.87666,17903.52524,17980.72982,18049.929,18352.08845,18769.03896,19216.67596,17486.95133,19232.96833,20595.49526,21139.1917,21654.34431
grd,Grenada,,,,,,,,,,,,,,,,,,3040.04156,3226.09849,3435.90424,3451.94418,3523.01455,3655.44816,3765.69268,3877.60851,4083.26776,4346.32354,4705.94265,4807.01373,4947.21595,5102.69173,5130.48257,5046.31107,4909.77076,4956.32245,5026.24216,5213.43104,5438.04458,6036.159,6409.14591,6677.12652,6509.5166,6707.36874,7309.78547,7233.29494,8162.91232,7808.24358,8257.36226,8307.49221,7733.12991,7670.71166,7695.37616,7559.56285,7688.75298,8206.62862,8694.12438,8983.68397,9357.40729,9744.1692,9785.5604,8413.28336,8781.46248,9406.19338,9832.25221,10184.40289
gtm,Guatemala,1884.56056,1908.02908,1917.85323,2040.17131,2073.58812,2102.46663,2156.03832,2182.52498,2309.26041,2354.71144,2424.59976,2494.62949,2609.48873,2715.38696,2816.26392,2802.06425,2944.83084,3105.80778,3181.46804,3249.09614,3287.02403,3226.25966,3041.61606,2891.73069,2825.72069,2730.14362,2659.14136,2678.48806,2705.89964,2734.55685,2741.53806,2765.88206,2823.67205,2857.29621,2894.43109,2958.34832,2967.99349,3019.28715,3089.97586,3129.12068,3165.93228,3166.20342,3213.26828,3222.15459,3250.20397,3284.80962,3388.14994,3527.77817,3569.92851,3516.19218,3546.62571,3621.37399,3655.57305,3717.30452,3809.61577,3893.50522,3924.77883,3972.74046,4040.21202,4139.12192,4005.83899,4268.62846,4385.14878,4470.70711,4563.09577
guy,Guyana,2733.67017,2795.91597,2765.60233,2373.89407,2587.33746,2799.88924,2885.01084,2947.36723,2916.58649,3057.00326,3130.48107,3182.82908,3039.04596,3040.96522,3240.0645,3480.32677,3501.59054,3380.43035,3293.62021,3210.16798,3247.67277,3287.40768,2852.84257,2661.88013,2533.83412,2603.4964,2591.39935,2628.31844,2546.09161,2436.29632,2377.21795,2528.08039,2716.75893,2926.93694,3164.66778,3312.64997,3566.13499,3778.00653,3708.04637,3813.33058,3759.6079,3847.09462,3894.87107,3873.04124,3937.11435,3867.93308,4076.77982,4382.1045,4472.34518,4649.34145,4860.09111,5133.8954,5403.79899,5573.34218,5635.71704,5640.41561,5818.61682,5997.18271,6080.90612,6278.63054,9010.61,10711.99734,17365.33364,23101.35383,32932.21358
hnd,Honduras,1206.66787,1194.76914,1228.42337,1236.80305,1267.12006,1342.51497,1374.42183,1414.99918,1465.08021,1432.03109,1440.57832,1453.78676,1491.5442,1561.16563,1498.03735,1485.20651,1590.73834,1702.08483,1748.67984,1790.83022,1747.33459,1674.49338,1591.3112,1558.69343,1609.30161,1651.29031,1690.2298,1752.02125,1733.09582,1731.04027,1729.83143,1625.63836,1676.07934,1734.9849,1690.04923,1744.49973,1727.67474,1757.25976,1772.76293,1714.0733,1789.47799,1789.18816,1807.97306,1842.2975,1908.9095,1975.85648,2056.53491,2134.19541,2175.14709,2076.3086,2108.47314,2144.56266,2188.39379,2205.40127,2229.24772,2271.20266,2315.72983,2383.37398,2430.13504,2447.61649,2189.43169,2423.76635,2482.22385,2527.27366,2573.3716
hrv,Croatia,,,,,,,,,,,,,,,,,,,,,,,,,,,,,,,9753.60488,7841.713,7094.46748,6490.13979,6794.98507,7304.45853,7857.72262,8383.18278,8577.21251,8541.23942,8879.96498,9515.40906,10061.69431,10618.94331,11058.71845,11522.39501,12105.05376,12719.00328,12970.92911,12099.79713,11965.48548,11995.13253,11780.53301,11839.24582,11863.8584,12285.30326,12849.3464,13485.88167,14060.71895,14641.22988,13544.97151,15394.47073,16616.39154,17147.16602,17770.86866
hti,Haiti,1735.02657,1653.89923,1752.00307,1688.67112,1631.54071,1636.19815,1596.9766,1534.49796,1554.12753,1583.57821,1564.38895,1634.68964,1619.58759,1664.49082,1727.23666,1713.3038,1822.40735,1853.92218,1931.4523,2037.86817,2146.49093,2045.46256,1934.63943,1914.43248,1882.81789,1856.96811,1811.08582,1760.75045,1728.60254,1644.10375,1627.31265,1624.49599,1507.81873,1398.25465,1207.66054,1302.13491,1330.5404,1340.99702,1344.93904,1356.11345,1342.8949,1314.1142,1304.52938,1326.47161,1286.90282,1304.33304,1305.03814,1343.61111,1356.534,1412.89654,1317.58389,1369.16921,1354.88546,1392.38205,1411.76835,1411.12685,1416.74882,1432.67229,1437.35252,1394.42114,1331.69779,1292.71955,1256.72144,1219.11872,1154.87301
hun,Hungary,2083.73453,2172.00044,2296.96408,2421.36351,2527.17919,3589.00068,3842.95403,4115.82976,4300.99832,4578.61134,4775.63461,5057.23065,5349.75018,5700.48196,6009.92661,6345.11764,6537.47467,7001.71841,7284.62424,7467.79904,7477.86543,7691.71542,7914.90849,7984.11697,8212.75572,8206.88233,8347.08002,8699.82535,8707.48357,8867.65103,8646.44754,7618.6403,7388.08229,7353.90021,7581.00102,7704.6409,7725.6998,7971.80555,8297.8542,8578.19506,8979.73579,9365.95393,9836.94065,10253.72392,10786.4882,11272.73454,11734.45447,11791.70744,11929.72099,11142.88593,11287.36867,11536.3579,11440.76227,11729.57208,12287.37794,12782.94126,13145.65599,13734.24428,14533.77831,15290.80855,14664.29712,15787.95354,16506.4721,16389.39145,16524.81686
idn,Indonesia,597.73451,614.678,608.67283,578.48095,582.03962,573.64247,575.8633,568.83096,614.06684,638.07649,667.64976,695.44697,724.83399,763.25664,800.65408,819.53891,854.39857,906.71777,944.75524,989.6783,1061.79179,1119.39911,1118.38321,1139.0063,1191.59059,1195.12312,1240.06476,1276.13232,1324.37573,1396.69971,1470.91822,1544.99581,1617.10955,1693.10743,1790.3273,1905.54236,2020.99148,2081.84167,1780.2005,1767.51467,1828.10266,1868.59172,1926.37436,1991.91821,2065.70617,2155.4478,2244.08022,2355.15286,2464.60193,2546.2197,2670.81291,2799.62469,2930.51845,3055.24246,3170.72103,3288.2227,3416.81005,3553.51999,3701.32155,3850.90322,3739.44907,3850.68877,4024.91225,4192.65168,4367.86267
ind,India,312.77785,316.73964,318.38195,329.64149,346.01188,329.39257,322.24132,340.08003,344.12829,358.9668,369.19248,367.03331,357.07793,360.63784,356.61507,380.15994,377.49603,395.44331,408.51694,378.21959,394.18224,408.15355,412.59674,432.42924,438.54171,450.9667,461.72561,469.20996,502.93734,521.07338,537.87027,531.8984,549.23507,563.37287,588.72789,620.69995,654.35593,667.59842,695.29371,742.53921,756.70411,778.50738,793.61591,841.27889,892.59661,947.73257,1008.23275,1069.24697,1086.50605,1155.10163,1235.15939,1281.61054,1333.09627,1399.4538,1484.31641,1583.99816,1694.46535,1788.6977,1883.35773,1936.03068,1806.50111,1965.30943,2098.21124,2270.90518,2396.71272
irl,Ireland,8532.59712,8973.93141,9224.52389,9605.96805,9921.30315,10075.34251,10124.85758,10660.28052,11487.25954,12089.94701,12308.35718,12587.31956,13206.47179,13609.95934,13956.63273,14505.46943,14487.49733,15466.23111,16344.20178,16623.50975,16939.33549,17298.8386,17527.36017,17361.02418,18005.06253,18530.94275,18443.18696,19301.2082,20395.27374,21666.7234,23481.31279,23797.20657,24425.59765,24958.21994,26290.93149,28676.51049,30550.03624,33578.76161,36143.34234,39501.37636,42643.6344,44196.91609,46022.14117,46643.15767,48906.96307,50599.60448,51710.36227,52904.47326,49512.42629,46514.54267,47040.35439,47607.88535,47217.4432,47999.12382,52098.10499,64311.82347,64267.57273,69777.97736,73960.96123,76464.54289,80908.79243,92757.23,98776.15987,91647.7687,91514.33284
irn,Iran,2345.11087,2512.11791,2629.72819,2729.80655,2870.38013,3255.50136,3518.61622,3797.07697,4215.93673,4726.09252,5085.75682,5612.36302,6240.70077,6511.65454,6688.44521,6468.12239,7422.12861,6996.18431,5901.81296,5016.91487,3793.3543,3394.34358,3965.2755,4236.71681,3788.97763,3720.53262,3234.88543,3115.61803,2833.18758,2920.36931,3222.20103,3534.65396,3579.73222,3514.51967,3448.25957,3492.17205,3674.03269,3679.27535,3704.56563,3725.31746,3885.30183,3917.29935,4198.95356,4511.43134,4607.45169,4650.35841,4778.79346,5084.71796,5035.94009,5023.89314,5249.06133,5321.75871,5058.64638,4916.97292,5093.2032,4952.73356,5312.61725,5381.1871,5215.34607,5000.98599,5127.95976,5325.5468,5460.69457,5667.52646,5778.65617
irq,Iraq,997.92558,1045.35159,1061.12493,1051.08049,1167.09649,1249.76157,1268.03984,1117.05793,1290.0319,1286.79354,1299.35893,1322.70187,1325.7558,1337.44392,1501.23713,1633.76336,1852.73077,1826.17053,2066.87426,2419.11515,2924.31917,2817.12122,2833.01442,2390.5492,2282.72262,2260.87632,2308.44328,2454.99502,2398.23798,2262.47044,3526.57925,1254.63057,1615.03904,2005.56353,1985.79692,1961.09255,2108.82328,2478.8431,3242.95734,3691.74051,4172.78025,4116.09405,3660.92528,2250.0699,3354.26589,3310.86344,3471.98745,3565.58054,3781.78002,3768.17284,3881.94327,4030.01687,4387.90469,4504.82688,4446.97343,4440.14189,4932.92729,4736.32711,4749.00922,4898.14898,4213.99844,4182.50064,4412.99733,4337.08705,4180.29619
isl,Iceland,13502.19064,13231.79478,14068.81082,15241.5319,16452.58217,17349.7896,18551.17998,18024.21061,16801.81098,17044.192,18219.60171,20433.31943,21380.29266,22493.41732,23457.44031,23308.9968,24454.06231,26414.10023,27785.63513,28852.47748,30189.52074,31120.12306,31368.53704,30290.02882,31207.04238,31981.73627,33739.08807,36223.35451,35628.44103,35280.88545,35416.95169,34930.53291,33330.52888,33426.68811,34334.09584,34188.16003,35557.07905,37302.4601,39622.60454,40725.88604,42174.66506,43288.0763,43143.46058,43763.77561,46766.01685,48850.76588,50731.69068,53646.36901,53821.47081,49527.39884,48193.70141,48933.54566,49191.57441,50946.81624,51233.24404,52951.68151,55513.64231,56501.45767,57697.80442,57493.41953,52641.72349,54392.38315,57804.76107,59307.1822,57954.56567
isr,Israel,8790.79116,9458.13688,9927.99617,10592.58738,10989.86575,11567.4413,11268.06346,11115.11025,12653.07026,13999.94553,14532.9793,15625.36712,17083.55811,17322.73503,17903.86263,18067.14795,17725.25029,17512.21918,18099.30704,18735.45228,18596.52066,19203.31609,19238.49142,19526.27381,19452.60276,19884.10013,20399.21264,21505.48678,21767.59331,21524.43154,22395.11188,22716.56688,23647.78243,23975.46863,25097.99013,26050.72659,26859.87746,27143.456,27620.65631,27814.02606,29413.48946,28808.13001,28195.86764,28092.61763,28883.24759,29623.71728,30734.96198,32103.16286,32554.04132,32178.57274,33344.72133,34540.67498,34738.6587,35489.50866,36129.31461,36213.10415,37093.78791,37963.04912,38729.6426,39407.20161,37935.54327,40804.96898,42516.38881,42011.6214,41845.16606
ita,Italy,9731.19625,10459.71436,11033.68886,11567.94587,11794.16084,12077.46202,12701.16188,13514.75736,14308.55942,15095.41279,15813.20112,16025.77488,16523.13316,17580.91208,18426.908,17934.32286,19116.61076,19522.99693,20083.88021,21219.26696,21901.92687,22060.32871,22135.16285,22385.8416,23102.81154,23742.38549,24420.08029,25196.98812,26241.16191,27109.97056,27625.17923,28030.76538,28245.42711,27987.4329,28583.62553,29408.32096,29795.65978,30353.37782,30892.17587,31405.2609,32609.66746,33243.59934,33267.44745,33110.16985,33348.97448,33407.67547,33873.04937,34159.91092,33550.63408,31587.06384,31928.55436,32039.50325,30953.41474,30330.02216,30325.02878,30639.88298,31077.67927,31635.52277,31819.39718,32180.4341,29469.79892,32267.70911,33891.88665,34146.02323,34398.19761
jam,Jamaica,,,,,,,3921.00935,3944.82549,4123.87847,4303.63707,4763.6087,4815.24378,5600.57367,5213.25511,4918.32419,4837.51198,4454.98937,4286.7133,4234.95982,4141.33627,3857.06561,3907.58697,3934.02361,3953.6177,3841.53525,3685.98177,3720.50349,3982.11264,4112.19683,4377.06293,4526.50158,4704.01221,4748.86204,5142.58834,5160.43078,5229.03066,5172.78238,5066.85281,4906.41449,4919.41743,4928.33187,4963.06606,5031.19563,5184.14287,5222.09797,5239.67289,5363.82689,5414.90879,5347.63273,5094.03086,4998.66717,5063.19379,5010.45966,5016.03133,5032.44262,5062.89555,5119.0397,5159.34336,5248.77401,5289.65491,4752.33341,4958.8458,5215.08606,5349.71178,5312.40068
jor,Jordan,,,,,,,,,,,,,,,,,2926.45126,3073.82095,3415.76552,3991.69034,4278.63288,4816.74408,4939.75537,4619.98252,4605.21127,4280.41644,4312.61102,4213.3548,4080.2875,3472.2251,3202.33686,3010.13731,3264.84473,3238.47542,3240.44545,3303.28718,3262.10615,3280.69793,3302.29943,3341.65644,3412.07673,3518.76635,3644.62435,3713.15194,3935.15705,4151.61313,4209.86864,4287.3523,4489.95546,4615.23068,4621.57429,4631.67704,4677.47614,4556.52024,4282.11873,4042.75678,3933.14705,3940.70199,3928.77027,3919.06427,3806.87949,3874.32714,3909.80229,3958.23044,4016.83429
jpn,Japan,6388.8781,7094.47046,7655.05526,8219.9874,9084.79518,9510.54957,10426.6399,11462.92639,12794.62362,14221.05237,14114.31582,14456.8212,15455.13694,16463.27917,16046.78468,16333.67482,16801.92503,17370.61655,18120.72843,18953.33391,19334.37474,20011.82925,20525.29585,21122.96484,21912.15186,22898.99424,23527.71252,24503.08457,26026.86488,27199.93997,28422.21312,29308.27409,29462.65397,29232.43979,29466.75525,30171.16379,31046.17015,31276.19308,30795.08889,30636.26612,31430.63113,31476.05207,31416.12418,31830.21758,32515.1158,33098.54747,33531.51856,33990.03603,33557.6454,31651.08377,32942.20208,33011.13423,33518.44494,34239.88625,34386.90586,34960.63938,35242.19938,35861.97285,36138.52908,36043.7844,34642.97187,35741.16011,36238.32949,36952.51507,37144.91427
kaz,Kazakhstan,,,,,,,,,,,,,,,,,,,,,,,,,,,,,,,5557.08216,4910.15324,4635.42155,4223.1282,3740.97811,3498.51454,3583.36908,3728.96387,3750.56495,3899.65723,4269.33017,4822.52863,5267.69903,5724.43199,6233.29439,6787.41155,7450.39687,8036.876,8216.52182,8218.39913,8704.70655,9223.30213,9531.91478,9959.72587,10226.71005,10196.12263,10151.42331,10404.27186,10670.21201,10989.68407,10565.03598,10873.39153,11058.34824,11453.39527,11850.16944
ken,Kenya,792.95802,704.53241,742.2148,776.61405,783.77727,768.31201,847.02848,841.44901,873.39632,906.63618,831.80182,980.02945,1108.22714,1133.74828,1140.55256,1113.00978,1100.6565,1165.36861,1203.76788,1251.31913,1275.2827,1276.92779,1250.61397,1221.53486,1198.09437,1204.91932,1245.98851,1274.22088,1306.36434,1320.50775,1329.33313,1305.46416,1255.93871,1223.50617,1219.78411,1237.8825,1254.21025,1226.19542,1232.06658,1224.63405,1195.41297,1202.29349,1171.42625,1169.14434,1191.25444,1223.44738,1263.54165,1309.91093,1273.77226,1276.73503,1340.16467,1370.58001,1396.30179,1413.94143,1450.59338,1489.1196,1517.97796,1542.33774,1596.69046,1645.70962,1609.33414,1698.89578,1747.53199,1808.40479,1853.08785
kgz,Kyrgyz Republic,,,,,,,,,,,,,,,,,,,,,,,,,,,1022.8666,1036.71013,1153.02507,1160.67608,1203.47208,1089.90005,928.31552,784.56492,627.22099,587.29818,619.66777,671.25001,675.05825,689.41428,718.34283,749.42378,742.443,786.35047,831.4821,820.70952,837.13803,900.02796,966.40997,981.2209,962.76479,1005.48318,985.84729,1069.78404,1088.58214,1105.65194,1128.31616,1157.18276,1175.07128,1201.87701,1093.32856,1132.55468,1212.17813,1298.25724,1391.15508
khm,Cambodia,,,,,,,,,,,,,,,,775.61301,832.04637,768.34901,835.70904,746.08572,688.76222,678.01125,659.06224,663.88554,671.73025,679.98955,678.67009,790.55371,852.22398,849.27905,824.05166,850.61022,862.47803,845.382,513.96715,520.92688,511.67035,496.77055,499.01665,552.90149,598.56192,632.83357,662.18834,719.33349,775.84714,866.34029,947.06522,1030.23118,1090.57476,1117.25834,1155.85237,1221.3884,1295.25271,1376.29558,1464.53116,1547.3201,1645.46672,1753.93531,1884.28375,2008.32094,1908.63428,1938.76437,2011.27433,2085.05748,2183.55682
kir,Kiribati,,,,,,,,,,,1473.5972,1411.81592,1552.54661,1844.90009,2663.39415,2816.41039,2073.59129,1990.87516,2025.51478,1781.69221,1734.33011,1811.68131,1763.17927,1565.11854,1754.01238,1492.76047,1422.51662,1406.3158,1675.63825,1516.91519,1387.65305,1283.34653,1564.72288,1539.30454,1547.62423,1566.47267,1539.33663,1529.24932,1569.02692,1482.19227,1555.58205,1477.95178,1467.99273,1415.54578,1378.95837,1368.99729,1419.38723,1433.35748,1361.836,1340.27606,1328.78776,1348.06024,1405.50293,1493.49149,1492.85082,1639.85275,1731.43702,1769.51179,1803.94854,1835.22002,1777.04492,1893.52679,1948.2433,1968.80992,2041.87624
kna,St. Kitts and Nevis,,,,,,,,,,,,,,,,,,4474.44162,4664.55712,5040.415,5489.17512,5593.93047,5646.52294,5740.25409,6281.96829,6858.00145,7649.33908,8203.61881,9022.84352,9588.26288,10136.98655,9966.20374,10300.54154,10860.6035,11290.21684,11743.37842,12269.79674,12940.78529,12710.96298,12942.8575,14039.02811,14610.90996,14727.39088,14100.3068,14619.79511,16000.56589,16457.86224,16508.14371,18325.76127,17671.25471,17688.06901,17958.6814,17770.49636,18773.89269,20187.8062,20328.80035,21133.65759,21191.60471,21635.49721,22297.7645,18918.82635,19031.82119,21024.44721,21911.5163,22126.87724
kor,South Korea,1027.65478,1066.80385,1077.11603,1142.02763,1217.94699,1274.27244,1391.67246,1482.99525,1639.75015,1836.47871,1977.42941,2143.28913,2255.20674,2545.77754,2740.5853,2906.1505,3238.26987,3581.46824,3913.83317,4189.18149,4056.52601,4283.1196,4569.08717,5104.4481,5573.84272,5951.87909,6560.47967,7322.71987,8120.63969,8609.42611,9367.09259,10274.48275,10798.56168,11424.58513,12358.51802,13411.11192,14332.13672,15074.48834,14198.38627,15714.41195,16995.55919,17684.05038,18940.38422,19435.49341,20364.75997,21197.19909,22196.20775,23365.14021,23887.05955,23952.81322,25455.61748,26191.64426,26680.27544,27399.61595,28100.01028,28737.43917,29467.12434,30312.88885,31059.26681,31645.94983,31378.15793,32771.07242,33690.37888,34121.02118,
kwt,Kuwait,,,,,,,,,,,68591.70775,68673.32937,67066.74035,58987.77013,48324.53108,39840.76023,39811.73553,35866.60581,36140.32472,38757.80695,29547.75504,22766.10335,19135.91243,19686.20194,19848.77942,18264.44453,19042.37891,19786.36459,17116.06572,20743.68688,20140.78351,14812.92012,22382.84212,29323.85332,31946.49032,33156.84742,32417.96286,32152.43681,32306.66879,30798.09478,31341.97815,30573.42849,30702.21627,35169.63365,37918.54066,40451.25525,41137.97001,41113.86948,39852.51299,35124.08547,32568.49824,33545.34632,33578.33107,32311.18005,31073.15379,29882.21269,29454.44269,27048.37074,26706.01923,26580.2265,25541.41076,26203.26179,26579.83221,24716.19683,23500.25941
lao,Lao,,,,,,,,,,,,,,,,,,,,,,,,,579.86778,592.6273,604.33179,579.02262,551.36316,611.82207,634.5253,643.41026,660.63386,680.96415,717.50925,749.23474,782.68316,819.20585,836.0881,881.63413,917.22804,954.12351,994.49224,1038.71193,1088.76035,1148.68154,1228.08928,1301.08598,1381.73754,1463.33797,1564.91068,1666.40086,1774.63585,1890.27861,2006.31195,2121.01339,2234.76099,2351.57442,2459.97875,2554.95638,2529.74623,2556.58913,2589.05015,2648.88727,2724.42463
lbn,Lebanon,,,,,,,,,,,,,,,,,,,,,,,,,,,,,3934.02938,2218.62644,2752.72442,4031.19475,4595.58083,4992.69878,5301.41585,5542.22651,6054.52912,6008.75855,6120.45673,5982.41788,5958.97837,6085.76041,6207.24134,6319.76518,6633.75258,6707.18025,6696.37428,7179.3452,7701.29823,8375.48851,8955.54336,8936.20027,8920.8057,8443.53857,7830.41511,7714.11,8019.14169,8305.57405,8388.72351,8064.04873,6440.82843,5973.41934,5909.03652,5834.63416,
lbr,Liberia,2444.3147,2443.49659,2415.69266,2409.49542,2470.56791,2524.01173,2650.22596,2758.08977,2816.84665,2945.89004,3062.76013,3133.08794,3181.18746,3029.07699,3089.60241,2902.91706,2974.92235,2938.38081,2991.43153,2999.25307,2792.037,2653.14625,2514.92132,2394.57438,2272.71154,2185.9281,2085.95288,2005.36576,1908.45304,1360.08049,754.13401,735.18066,450.53868,290.38892,227.74278,216.09355,235.43506,449.28606,528.67034,609.0409,754.85092,754.42236,762.71639,528.5674,535.99588,539.66538,551.37745,574.60939,591.18538,603.25621,621.7833,646.90873,674.36001,717.00728,707.15769,692.59008,668.03151,671.2609,665.87544,636.69938,605.02548,621.92798,638.00518,653.32919,670.03139
lby,Libya,2818.01055,2971.84368,3777.53095,4893.76778,6843.48145,8525.20507,9863.91369,10676.10212,13891.98934,15230.40468,15460.23383,14161.88074,14950.55633,14659.89703,17044.21985,16770.02692,19473.67633,20018.42952,19521.59192,20077.74012,19090.55037,14587.38589,14580.89244,14242.61275,13328.58935,13975.09748,12022.66479,9976.13025,10458.67019,10940.1407,11085.94399,12541.69262,11949.2275,11274.34522,11280.38293,10839.28022,10891.80557,11284.77807,10722.87007,10643.14528,10853.80595,10467.87761,10170.30958,11267.06276,11529.10866,12628.89615,13176.77589,13712.96026,13403.00046,12549.08543,12913.93349,6569.59478,12599.25888,10126.31493,7644.24844,7458.48918,7236.1641,9435.6006,10020.91658,8768.41049,6102.79864,7733.39008,7008.20648,7633.45143,7509.73627
lca,St. Lucia,,,,,,,,,,,,,,,,,,4232.45864,4600.42587,4706.08426,4533.61559,4745.07535,4768.47313,4926.91157,5200.74079,5540.54775,6238.03997,6386.06815,7178.1821,7736.20939,8418.43122,8349.33748,8879.90076,8800.62692,8808.68294,8822.5007,8945.86353,8759.56755,9183.35164,9306.76032,9198.93894,8795.54582,8755.45939,9054.06778,9637.37801,9527.58469,10045.6504,10147.44325,10583.43102,10219.8024,10191.31468,10576.89797,10517.27776,10279.41551,10369.93826,10334.98608,10644.16129,10960.48435,11233.88836,11114.77859,8379.27495,9336.92127,11224.28995,11440.08295,11854.95172
lie,Liechtenstein,,,,,,,,,,,,,,,,,,,,,,,,,,,,,,,,,,,,,,,,,,,,,,,,,,,,,,,,167187.15731,,,,,,,,,
lka,Sri Lanka,,659.30082,667.98282,668.2403,677.50601,677.92205,694.98431,722.08263,745.82519,784.80441,796.86837,790.25193,771.19969,809.71479,825.38634,860.2225,872.94723,900.97697,934.57106,976.03629,1014.42362,1054.38567,1084.60957,1129.27072,1182.77526,1233.73418,1272.15734,1279.04223,1297.45962,1313.4106,1388.58952,1441.62997,1481.3311,1556.88467,1620.29121,1681.35053,1712.00816,1787.41018,1836.38946,1880.10678,1956.9331,1896.48252,1951.22523,2052.03045,2149.10629,2268.68801,2426.34873,2573.54362,2708.58594,2787.27351,2993.01412,3232.3735,3484.79049,3728.93587,3929.92062,4057.71583,4214.74118,4436.0079,4493.03575,4455.7819,4227.23315,4357.97226,4033.14561,3964.91987,4186.49866
lso,Lesotho,262.74043,259.76624,290.7833,312.24115,328.19819,325.59054,314.05529,336.08707,322.80162,316.09584,311.54764,316.01617,304.47441,371.74337,398.58305,333.01165,358.12967,423.80535,487.35146,487.16605,460.20162,450.10253,456.70896,452.52033,464.08569,462.89217,472.43286,465.47315,494.92189,513.1063,533.82496,560.88491,590.00821,601.55791,628.96005,641.75871,670.46958,689.80622,696.93597,698.44109,725.26367,752.24321,760.03344,798.5405,817.7936,853.9605,893.75069,927.26863,971.88137,952.74793,995.23343,1031.99722,1086.39035,1093.95323,1100.04994,1121.19851,1147.58749,1097.82167,1068.44463,1040.99351,944.83412,955.22124,967.51929,974.38248,990.18045
ltu,Lithuania,,,,,,,,,,,,,,,,,,,,,,,,,,,,,,,8333.35071,7847.01734,6185.53524,5206.44266,4730.69632,4924.09668,5211.10025,5685.44901,6154.17246,6129.99844,6384.30865,6854.52513,7374.09797,8218.69336,8851.92599,9692.86854,10577.21455,11889.35452,12324.51973,10612.9204,10884.11619,11836.72004,12516.61841,13145.80693,13753.1896,14269.80399,14823.10715,15695.99933,16604.90214,17431.72391,17443.65526,18569.70572,18884.51525,18685.55237,19094.11935
lux,Luxembourg,27861.16791,28665.75574,28701.49541,29381.70054,31339.86661,30757.62153,30874.7097,30840.02383,32048.53435,35072.38178,35513.79973,36114.97553,38033.73729,40742.79359,41908.97361,38729.55967,39515.03255,40065.69139,41623.60056,42500.25332,42705.33899,42345.04497,42788.94646,44056.25158,46733.92482,47945.84943,52496.66528,54218.27508,58381.75517,63481.58262,66027.07501,70779.97382,71116.94136,73116.19334,74883.14158,74896.09645,74916.50739,77993.05737,82170.23925,87695.33909,92527.71087,94243.70684,96269.57975,97597.99732,100292.56695,101222.04435,105614.17885,112417.87699,110094.79153,104574.34905,106544.05736,105290.24902,104487.74431,105338.95552,105583.93727,105462.01258,108351.45183,107142.12667,106788.72875,107591.96585,105274.24718,110873.18525,107469.75513,104590.07977,103909.18923
lva,Latvia,,,,,,,,,,,,,,,,,,,,,,,,,,,,,,,7622.69826,6694.19894,4607.1138,4464.72113,4639.50565,4661.6684,4822.90415,5317.97998,5719.98918,5929.26767,6336.38297,6833.43543,7443.22945,8149.00184,8957.23394,10106.26262,11507.46483,12810.04095,12506.6945,10675.42517,10500.86662,11018.51524,11971.01075,12353.53861,12731.6772,13321.97531,13787.33674,14382.86127,15120.06982,15328.38599,14900.72957,16070.168,16404.97706,16890.62831,16951.35916
mar,Morocco,,,,,,,844.24487,904.05048,966.9165,1020.01105,1039.61255,1069.3252,1068.21313,1079.1936,1112.03528,1167.78711,1263.17102,1306.12939,1301.05103,1328.20642,1340.2467,1281.85181,1359.98828,1343.30457,1394.10388,1442.9585,1542.61841,1507.19995,1654.00684,1669.73254,1695.63647,1786.76282,1720.42249,1680.71045,1830.88062,1705.44824,1886.67224,1828.96863,1931.74048,1935.47876,1957.14136,2078.96606,2127.50708,2229.57617,2301.08179,2342.15479,2489.99292,2540.61523,2648.58569,2710.6665,2767.04224,2879.53931,2927.45044,3008.18555,3051.45898,3146.2478,3124.42505,3242.64429,3304.71191,3364.7395,3090.89429,3309.13086,3325.56055,3403.31982,3478.99463
mco,Monaco,,,,,,,,,,,72837.72362,75563.52683,78166.30334,82591.51374,85729.80956,84013.71706,86382.01602,88164.40084,90506.33806,92704.96769,93468.0634,93739.18161,95085.6031,94848.72774,94912.51739,95274.31172,96396.22838,97606.94996,100947.05445,104091.09475,105878.37277,106020.71788,106558.02415,104739.79441,106244.89861,107691.08754,108107.45299,109747.02948,112873.60449,116084.58138,120456.50634,123122.12291,124481.88022,126022.23909,129403.40496,132253.2184,140615.17879,162028.48064,163243.75221,142375.53201,141814.78664,148272.71199,146472.67786,157167.97503,165288.20035,170437.10119,173120.18979,165781.77912,173041.76106,185582.75569,161262.92588,194674.77761,213937.00628,224582.44975,
mda,Moldova,,,,,,,,,,,,,,,,,,,,,,,,,,,,,,,3740.1015,3137.83502,2225.17356,2202.16445,1526.42524,1511.95832,1425.95181,1454.80862,1360.18161,1316.43255,1346.91567,1432.27689,1547.57421,1654.36629,1781.19145,1919.44551,2017.1773,2082.5126,2249.2259,2116.94358,2269.51116,2402.94446,2389.08666,2605.8503,2737.80185,2749.55137,2910.95487,3085.33306,3267.9961,3438.67733,3188.91692,3688.16729,3611.95485,3760.70006,3872.518
mdg,Madagascar,812.25036,807.54007,804.71315,776.88406,787.05895,763.40367,758.92821,779.71606,810.50669,817.56292,836.54088,844.49388,809.52412,765.21701,757.53239,744.3101,699.98792,695.14922,656.39837,699.48548,685.10069,599.78105,571.23046,559.66117,553.13101,543.51368,538.49195,529.50911,532.03347,537.84043,538.53628,489.7161,480.81093,476.15973,461.39767,454.53795,449.62809,451.3032,453.88617,460.03439,465.52951,478.40561,406.70122,433.60104,443.27865,450.95523,461.54034,473.78546,490.96394,457.78975,447.41714,441.75516,442.6415,440.67466,443.34387,445.32007,451.15659,456.85186,459.33037,467.27741,422.92426,431.5991,438.51626,445.83455,453.38307
mdv,Maldives,,,,,,,,,,,1525.45287,1556.67751,1546.53449,1524.5608,1565.19579,1398.1023,1364.84005,1474.3923,1645.11075,1772.85529,2045.05593,2222.32522,2096.02642,2371.53403,2927.92105,3273.18636,3456.59414,3632.5,3819.63285,4044.4526,4582.26128,4507.19493,4671.99639,4803.90989,5053.64633,5580.26342,5888.07243,6254.75856,6599.87175,6889.01246,7037.08545,6647.65039,7012.25569,7845.29307,8174.41608,7141.88377,8620.72815,8933.17167,9396.49734,8313.40983,8569.52495,9005.81391,8907.66136,9213.32792,9612.07862,9644.90655,9909.07669,10263.29912,10793.89414,11194.92537,7295.60221,9759.22193,10939.99632,11415.93951,11960.98424
mex,Mexico,4145.79302,4219.18151,4276.14327,4474.72751,4845.87443,5021.34799,5153.81469,5278.10822,5589.05119,5596.39688,5774.77046,5809.39879,6099.20317,6385.19715,6559.30113,6740.62499,6845.37112,6888.57895,7309.60711,7814.54967,8290.28899,8875.07151,8676.57131,8098.51642,8207.92338,8194.16249,7713.61215,7716.49732,7657.72748,7783.80581,8036.86114,8197.0118,8330.26427,8411.79621,8623.48043,7970.64039,8320.65296,8770.84482,9161.89528,9264.97729,9581.9697,9398.35074,9242.27886,9221.99667,9421.28976,9491.5173,9813.82804,9877.69533,9826.34218,9074.11881,9389.06722,9575.93438,9782.51776,9738.7106,9862.48125,10021.23861,10100.50212,10193.77272,10296.86909,10159.44484,9234.64362,9728.0568,10013.36686,10253.52626,10313.48685
mhl,Marshall Islands,,,,,,,,,,,2038.67199,2011.13806,1979.85303,2587.94028,2900.13631,2806.68563,2726.44599,2704.13846,2766.69031,2737.49267,2454.99779,2511.56867,2524.11369,2797.12548,2788.85705,2510.70663,3005.51721,3162.8044,3288.8885,3139.4144,3148.09978,3085.93531,3247.85289,3391.38513,3544.13565,3791.20499,3365.11123,3117.274,3067.73739,2997.5499,3040.59677,3224.79119,3322.41128,3256.97244,3234.15265,3284.78403,3285.12079,3403.47843,3146.26177,3262.26956,3441.31888,3433.06298,3420.91445,3602.92812,3620.77275,3764.34426,3946.84441,4190.93469,4542.34294,5162.81501,5172.57528,5405.27474,5516.88001,5470.42007,5813.50634
mkd,North Macedonia,,,,,,,,,,,,,,,,,,,,,,,,,,,,,,,3534.32265,3328.63951,3146.02235,2948.27152,2917.05895,2876.07223,2889.88516,2954.52383,3038.13983,3154.84918,3283.37934,3169.32514,3240.11065,3307.92041,3473.76545,3657.56308,3866.74651,4140.63355,4392.55072,4405.20046,4582.36518,4711.13028,4708.05169,4863.68089,5053.75001,5262.68672,5429.94678,5510.81863,5698.39334,5961.58475,5743.72649,6064.92315,6250.62721,6393.77347,6700.64452
mli,Mali,,,,,,,,368.57337,376.45591,371.53985,388.13565,391.77302,407.90299,395.05918,382.16466,418.99057,467.61023,488.18013,471.80898,510.57308,478.41588,475.39155,430.93606,429.26894,418.9533,493.95193,497.94024,488.66193,515.69388,527.33078,504.11459,552.24991,523.80878,529.27565,537.58512,530.90656,556.24699,570.00639,597.83126,614.58699,596.57864,667.92053,667.60181,705.68695,693.86112,721.89799,745.0875,748.92616,772.09198,781.97229,809.37389,815.12427,787.14972,782.70245,816.00466,838.11987,860.75308,878.56135,892.97832,909.75107,872.38972,872.3328,876.1683,890.61387,908.0804
mlt,Malta,,,,,,,,,,,3133.22804,3209.58701,3399.78108,3543.66984,3901.96088,4631.05229,5391.61706,6024.97484,6628.0785,7249.5598,7679.67981,7875.88453,7884.85018,7726.88391,7798.0719,7860.36695,8030.44923,8303.16848,8928.21082,9564.90935,10067.69816,10413.12364,10789.70908,11161.13791,11682.09449,12336.72536,12718.94717,13286.64598,13877.17988,14446.27873,17178.2855,16920.73091,17255.42736,17775.58681,17728.49151,18123.2975,18479.23051,19342.39191,20064.43979,19635.87646,20750.60537,20867.83904,21529.49277,22626.46595,23865.9809,25529.68131,25969.44108,28546.77805,29536.89506,29522.65245,27890.36511,31437.50302,31979.60904,32816.32526,33467.45843
mmr,Myanmar,129.77204,127.56428,129.88794,144.00079,132.52244,143.41722,133.39825,122.6789,134.38814,135.70276,139.27513,141.8238,142.10434,137.829,142.38751,145.45796,151.38153,157.33762,164.35842,169.59943,179.5886,187.43997,194.36086,198.97314,204.50394,206.17902,200.21558,188.87167,164.70042,168.11385,170.23344,166.71044,180.33323,188.68053,200.12479,211.26564,222.01336,231.58795,242.13215,265.45534,298.59046,328.97387,364.8558,411.49876,463.33014,522.09954,586.08558,651.72973,714.62042,785.63485,854.93248,895.51254,953.12308,1024.6906,1099.24388,1166.73306,1225.37914,1290.56409,1361.56831,1440.98988,1301.31386,1136.99566,1174.76698,1177.7665,1158.47928
mne,Montenegro,,,,,,,,,,,,,,,,,,,,,,,,,,,,,,,,,,,,,,4488.79463,4723.14338,4290.89685,4431.60047,4462.3499,4529.12331,4623.07606,4819.14786,5013.1959,5435.88622,5798.06497,6205.82125,5833.65954,5982.19928,6166.20322,5987.8916,6188.75849,6287.46282,6491.19281,6675.13458,6982.94132,7332.18614,7626.25402,6460.59163,7321.23529,7808.54763,8304.25541,8552.58864
mng,Mongolia,,,,,,,,,,,,,,,,,,,,,,1425.47627,1507.62166,1557.43151,1610.00431,1660.20538,1770.29035,1784.58513,1827.38968,1860.84572,1823.45624,1613.69985,1462.67467,1418.06561,1432.28073,1499.26495,1509.32921,1546.08098,1575.67716,1601.31354,1598.31282,1625.46152,1680.65335,1775.64907,1942.36264,2060.26168,2209.74322,2403.72416,2576.71296,2498.72967,2611.67327,3010.81643,3318.16497,3628.90708,3830.35892,3838.92127,3817.91963,3956.20494,4183.85566,4337.81671,4066.03411,4063.5367,4205.88555,4456.53628,4615.43866
moz,Mozambique,,,,,,,,,,,,,,,,,,,,,251.56755,258.85061,235.76748,194.64565,178.41569,176.85409,169.7878,193.9569,210.2223,222.04312,221.04898,227.46274,206.19461,221.62458,220.47858,212.08625,227.19849,247.18495,266.67271,291.56002,287.39063,317.1857,340.13537,356.52116,377.06496,391.69976,420.52646,442.04957,460.94729,475.78818,494.16286,514.86996,540.29452,559.39395,585.26672,610.56377,620.77971,618.39769,621.15373,617.13932,591.80406,588.21585,596.05889,610.17497,603.58974
mrt,Mauritania,,1258.29089,1233.87063,1176.58207,1460.64612,1648.15509,1603.93874,1612.02915,1723.35775,1692.50795,1838.41001,1816.31115,1749.52293,1620.10877,1763.89532,1624.6735,1712.56374,1632.68714,1579.02168,1608.41044,1616.0663,1624.61578,1541.58056,1553.80891,1460.98164,1461.93452,1501.59342,1486.69636,1469.21195,1501.2329,1437.75048,1421.326,1393.60105,1416.96726,1327.72304,1418.64665,1471.80331,1381.16275,1383.1923,1396.1722,1304.64439,1262.65567,1252.103,1308.56308,1338.66768,1418.53202,1637.04191,1563.60629,1514.2655,1469.05427,1460.1918,1472.55246,1488.97178,1502.90142,1520.64622,1554.94898,1528.05152,1576.06858,1602.90226,1605.13524,1553.30616,1520.31118,1576.75624,1630.27172,1666.29104
mus,Mauritius,1406.14771,1726.35874,1691.59788,1877.0229,1706.12408,1721.80989,1626.22154,1664.81054,1521.96699,1569.53937,1537.49558,1577.92784,1683.89832,1857.82265,1991.08722,1977.68946,2408.27222,2524.53955,2587.217,2631.98858,2327.60107,2428.26469,2530.62334,2517.0802,2607.92722,2766.59029,3012.98937,3256.42284,3453.72035,3580.40595,3810.48083,3936.76651,4138.34645,4297.40909,4412.93757,4562.74693,4768.68344,4977.19017,5224.1842,5292.86909,5671.02955,5814.74835,5867.77363,6170.64877,6397.59346,6472.87389,6756.22956,7110.69494,7466.69466,7693.76434,8011.45517,8324.78328,8591.96716,8859.21218,9181.61575,9507.87134,9868.32717,10247.69606,10652.48369,10956.94502,9362.87436,9679.12124,10552.29056,11093.75191,11628.60913
mwi,Malawi,260.3728,273.67162,268.93059,258.78511,259.23812,287.42924,317.61958,332.42566,318.04717,328.55293,322.09452,365.07738,378.03714,376.72882,392.97243,405.37797,413.43815,420.51472,445.99364,448.71642,433.51518,394.7717,388.98958,387.84533,392.97012,395.41872,380.29805,368.45807,360.18286,348.20111,353.7713,372.99756,335.72654,362.931,329.5841,385.27971,405.39706,412.41311,419.31325,422.09991,418.59299,388.26004,385.30898,397.22485,408.06492,410.26798,417.87769,445.25431,465.55147,489.63142,508.08865,517.83374,512.74032,525.35765,539.5626,539.60536,538.22199,544.79573,553.52879,569.86625,559.44709,569.96897,560.63576,556.74403,552.49539
mys,Malaysia,1266.31526,1327.77651,1376.65801,1439.5549,1477.83156,1551.33617,1631.4759,1654.76508,1746.69655,1791.13967,1855.24674,1993.49999,2128.90739,2321.7381,2455.31271,2416.51345,2632.12032,2768.88534,2883.07107,3077.78933,3216.28779,3332.82001,3420.21717,3518.79492,3670.36601,3515.25506,3444.11714,3508.00949,3737.26007,3953.81471,4184.76073,4456.93133,4726.13789,5062.5911,5390.10168,5771.35212,6190.46429,6480.55649,5857.96703,6070.95622,6455.6142,6334.92796,6516.90672,6732.92049,7025.34558,7234.02443,7469.81069,7769.59693,7976.11785,7700.46111,8118.92271,8400.32249,8710.52671,8964.80725,9341.73056,9648.67979,9901.4796,10293.76292,10610.19502,10902.98349,10171.46578,10388.26671,11174.21008,11429.58941,11868.36474
nam,Namibia,,,,,,,,,,,,,,,,,,,,,3543.52831,3538.05908,3461.85974,3309.62139,3213.57377,3137.53895,3187.74903,3196.99659,3111.60654,2974.56787,2857.33777,2989.40002,3104.24536,2959.27504,2918.3774,2945.36227,2958.24061,3004.30804,3025.32668,3050.46099,3083.59658,3055.40445,3145.94566,3232.3059,3582.89503,3627.7506,3834.99895,3987.61796,4036.38187,3989.20711,4165.1299,4302.72451,4420.96741,4549.26759,4701.95694,4774.10651,4648.62713,4476.73324,4400.47538,4243.09274,3787.49944,3809.80753,3905.55135,3977.9778,4034.35053
ner,Niger,742.40891,753.98103,807.67276,858.54695,835.22151,867.90443,840.53953,818.38047,799.12359,734.90922,737.0816,758.40195,700.36068,565.62625,598.96262,566.6757,555.07429,581.70117,641.44182,667.36441,631.8397,612.15729,607.1515,566.64788,457.60585,478.48763,493.80408,479.51057,497.16456,486.86568,465.92389,449.71927,444.63278,432.18445,426.26751,422.52315,409.03936,401.72499,427.08603,411.7357,392.89862,406.92349,412.12379,406.33376,393.39878,407.19093,415.85202,413.41913,429.19554,421.6509,441.07917,434.98626,463.06627,469.69021,482.74525,485.66257,495.01744,501.61531,519.54699,532.18602,533.19433,523.26318,566.79796,557.57265,585.01635
nga,Nigeria,1454.98092,1428.11709,1455.81737,1547.48395,1589.68156,1631.55987,1528.5945,1260.72712,1218.43317,1480.04712,1808.39459,2018.17321,2036.69398,2093.63873,2267.04408,2089.85508,2214.32262,2278.69722,2082.5528,2155.78965,2177.41579,1834.28761,1659.09814,1440.01748,1387.92176,1428.92743,1391.47877,1398.24883,1461.19132,1449.68018,1577.19617,1541.59066,1571.19023,1498.95895,1433.38861,1395.07488,1416.10189,1420.23878,1419.31771,1390.46921,1421.67988,1465.4572,1644.39519,1717.21451,1824.80269,1889.25175,1949.15857,2020.83316,2098.28339,2204.60726,2315.46677,2370.97657,2403.65388,2495.34107,2583.61557,2585.73361,2481.8149,2441.71236,2431.77858,2431.53528,2337.57587,2372.57314,2398.98623,2416.36198,2447.6387
nic,Nicaragua,1672.27645,1744.7208,1877.61357,2019.88718,2188.82132,2325.01525,2328.58575,2414.36618,2371.24275,2441.31575,2398.11906,2401.30053,2384.28263,2464.78253,2729.29713,2643.01315,2697.47745,2836.58657,2539.73419,1817.55422,1850.00094,1894.88127,1828.54515,1863.30005,1789.10509,1675.6224,1620.24861,1572.33304,1345.33743,1291.3438,1260.87383,1229.80605,1206.96232,1176.11536,1189.83516,1234.76828,1288.94097,1317.89047,1346.07276,1420.3183,1458.3749,1482.31517,1475.48635,1494.95619,1555.87426,1601.48771,1644.37194,1703.2078,1736.65741,1655.72029,1704.37875,1786.62863,1876.17597,1941.45629,2006.6487,2074.45621,2140.14406,2209.63273,2107.33963,2019.91519,1950.19181,2128.30881,2175.73899,2241.12235,2290.47163
nld,Netherlands,14369.97825,14224.12332,14982.60149,15317.70705,16364.83595,17536.88256,17783.9545,18511.98943,19496.21111,20510.82065,21502.16779,22165.2642,22717.67652,23757.11225,24382.22489,24166.34025,25045.88497,25524.9216,26052.35142,26394.26393,26537.61853,26149.65104,25707.04464,26139.85324,26833.44912,27397.73907,28005.45695,28365.75133,29152.91325,30259.43233,31308.91342,31820.8313,32119.95188,32297.97662,33054.44956,33916.50079,34915.17159,36211.64929,37661.73373,39298.73344,40665.33817,41297.31988,41135.41907,40981.8477,41663.14778,42411.34538,43841.12234,45445.52287,46227.21116,44304.41193,44659.27284,45239.73189,44631.87454,44487.03063,45042.06695,45793.81354,46655.03634,47670.10573,48463.02997,49254.01589,47086.58042,49780.84405,51777.54316,51305.62828,51471.04963
nor,Norway,19209.41499,20252.96514,20656.2514,21276.6122,22174.35623,23165.63154,23851.61258,25132.66256,25485.4949,26417.40818,26735.83041,28055.27618,29325.64879,30441.27638,31439.59701,32814.9157,34564.0687,35850.33485,37095.61385,38585.98737,40217.74816,40720.21481,40666.40513,42142.33667,44567.00468,46901.3243,48623.38468,49244.99283,48855.8114,49159.70361,49937.45576,51233.03612,52758.94525,53938.0213,56343.01054,58380.56847,61005.88004,63882.4765,65197.94631,66094.73545,67846.59686,68899.5269,69472.98368,69719.31226,72090.98629,73524.25492,74729.7366,76115.70668,75535.2118,73141.30733,72804.39562,72660.67541,73661.67858,73515.91449,74180.32387,74809.9658,75017.49448,76247.41164,76373.64746,76712.28712,75287.20595,77812.71156,79620.16355,78775.84942,79670.142
npl,Nepal,327.15524,327.10604,326.93176,326.64794,344.303,333.24908,349.35495,336.66437,331.72062,339.09977,340.30683,328.99373,331.96314,323.26005,336.30637,333.7693,340.90612,343.40334,350.30571,350.32045,334.21918,353.70081,358.60992,339.77838,364.03231,377.72535,386.34056,384.65964,405.63893,413.89402,422.72474,438.15619,443.46204,448.13094,472.95108,477.7411,492.21243,506.42687,511.54871,524.27257,547.22108,564.28623,556.43845,570.28967,589.46993,603.19011,617.47764,633.22613,666.8651,692.4,721.26522,742.61725,775.31058,801.03906,846.66554,875.54364,875.18894,951.8573,1021.91492,1077.11796,1031.53619,1062.78884,1113.55462,1136.42769,1179.81273
nru,Nauru,,,,,,,,,,,39582.30655,40416.34342,41282.51196,42144.94833,43009.41753,43850.61804,42150.93397,40397.48921,38533.3614,36595.51609,34723.13727,32927.16836,31199.70099,29671.36194,28281.39494,26925.50567,25595.36948,24307.18919,23058.05118,21871.61766,20743.04823,16414.21427,13510.66363,11242.22836,10770.2739,9889.5756,8701.31316,7911.35445,6978.0816,6526.78662,6090.65732,5700.16531,5156.21217,5182.71297,4958.59494,4946.36831,5366.34977,4181.64317,5039.43231,4751.28407,4730.93001,5382.4533,6632.10608,6710.62531,7649.08971,7703.4315,7898.2277,7309.38139,7124.0176,7655.2434,7769.40695,8282.36684,8460.34774,8461.97418,8559.03146
nzl,New Zealand,17779.53577,18005.41221,18094.26329,18820.76785,19555.45015,20411.1515,21301.57612,19964.34606,19780.32418,21602.69768,21013.55311,21485.66104,22189.6527,23456.84699,24349.6281,23466.96566,23476.2922,22482.07641,22546.4701,23131.05141,23398.76051,24394.08843,24377.48374,24887.96866,25856.10018,26111.93361,26825.03808,26853.02591,26684.70734,26599.77996,26395.6956,24873.01165,24884.49574,26174.83377,27151.47171,28020.24887,28576.43998,28790.30012,28780.93418,30169.7402,30853.80764,31718.76284,32641.82022,33517.08933,34372.58911,35126.33416,35665.35333,36414.3173,35739.35846,35370.58519,35489.76315,35957.52325,36607.14939,37267.6587,38056.26467,38665.3723,39235.36956,39722.60684,40371.54563,40655.08378,39646.34669,41273.38208,42668.04202,42207.96957,41416.28489
omn,Oman,2354.84838,2340.35098,2761.22358,2830.31567,2774.30599,2726.45883,2803.36374,4549.45441,8071.18754,9884.06487,10961.45306,10760.50177,11489.2538,9570.57986,10302.38835,12294.96332,14168.44697,13631.61553,12472.08866,12343.13648,12406.64124,13751.49819,14513.98136,16018.8529,17703.05931,18998.6682,18173.34117,16524.17935,16544.44041,17522.61825,16629.45566,16805.72184,17404.13146,17694.16051,17848.81877,18398.72421,18639.20394,19458.92664,19167.75547,18965.21423,19881.73643,20546.05541,20150.1132,19485.64415,19534.86014,19629.04515,20096.39656,20642.74896,22007.7339,22819.19773,22766.05036,20993.90794,19824.12155,19299.94005,18726.20269,18808.30779,18830.60572,18277.94556,18269.67694,18089.58667,17743.88588,18291.3388,18792.44606,17814.02239,17315.71106
pak,Pakistan,413.96186,427.41444,435.12346,460.57697,482.25359,518.13027,533.12263,546.28179,569.34126,583.74143,631.58775,617.29739,605.33438,629.49681,632.89477,640.12436,652.83806,657.65938,688.19028,689.74359,729.776,755.35189,775.04004,799.4132,813.98181,848.45951,865.38378,890.34222,926.55779,941.24431,950.88464,966.5225,1011.62508,1001.25855,1009.0643,1028.96592,1047.88664,1028.99805,1026.50034,1035.49888,1049.5423,1057.86768,1059.04171,1090.27524,1146.99633,1201.23359,1243.94143,1265.35568,1258.05189,1269.07432,1256.69482,1261.83162,1275.48807,1309.7008,1343.30778,1380.47021,1452.18658,1495.26188,1561.6817,1573.83308,1526.00597,1595.02792,1642.28067,1616.3967,1643.68241
pan,Panama,2809.09636,3025.05532,3177.40184,3345.64594,3389.55422,3590.43695,3749.33741,3952.07376,4107.09638,4328.3165,4500.46362,4796.87688,4879.84805,5004.08529,4992.24686,4948.79765,4905.04206,4837.27015,5183.57035,5289.37657,5840.96094,6229.52654,6409.68672,5979.51817,5999.68244,6152.7843,6229.61874,5982.3448,5069.86262,5039.88259,5333.2187,5712.98861,6053.46766,6252.4883,6299.53554,6280.46247,5799.8856,6122.64665,6504.97012,6709.72276,6856.14919,6787.86268,6825.17747,7037.08166,7468.76593,7935.87135,8557.98018,9507.64641,10288.15499,10267.06332,10698.07176,11761.49885,12668.29455,13236.83068,13611.54908,14082.65485,14474.12436,15045.54564,15375.64351,15602.54209,12647.08266,14552.94016,15917.42754,16872.88347,17137.34779
per,Peru,2704.3695,2819.64449,3013.56779,3054.09342,3161.27866,3244.42752,3413.00558,3445.54689,3355.06835,3377.29243,3404.48746,3474.09969,3500.78315,3625.43301,3866.66343,3933.70256,3893.41831,3811.69776,3619.69303,3674.96184,3797.43622,3909.66677,3805.24471,3325.45532,3361.21738,3347.82743,3578.00091,3837.2677,3397.01631,2912.66434,2706.92253,2709.27755,2640.31374,2723.28423,2998.57693,3158.98339,3186.90077,3331.15151,3258.29746,3250.37802,3286.27308,3261.66425,3398.74991,3502.79166,3640.603,3835.13219,4091.36269,4407.79122,4778.52642,4801.17154,5167.39259,5453.45719,5740.04346,6021.46143,6103.91865,6231.7115,6392.25475,6457.4194,6593.14437,6626.26083,5831.83025,6547.84718,6667.51696,6568.00028,6711.19403
phl,Philippines,1123.7821,1150.62907,1168.6088,1211.8215,1214.70926,1241.10922,1257.98441,1285.2931,1311.52149,1334.73175,1348.64913,1388.249,1430.58532,1522.01742,1540.04224,1587.49928,1683.65999,1730.5941,1772.2282,1822.14502,1867.56862,1881.8152,1898.13931,1878.60173,1696.57674,1537.66556,1551.40893,1576.97337,1638.03682,1696.00236,1704.07569,1656.3835,1624.3494,1620.35506,1654.74614,1693.80873,1752.238,1800.25913,1746.52591,1759.42105,1793.34761,1807.70893,1837.25429,1892.82162,1978.34489,2037.87766,2110.42045,2209.34651,2264.94629,2256.72555,2373.14312,2416.75212,2533.74142,2654.41507,2776.92006,2909.85818,3076.33742,3247.45039,3410.93648,3575.88171,3198.6669,3350.97588,3577.70137,3744.69764,3925.30487
plw,Palau,,,,,,,,,,,12786.1377,12376.60103,11975.82166,11657.7591,11545.88312,11578.0032,11625.55878,11860.54315,11883.23787,11937.6175,11956.9202,11786.35758,11472.15189,11413.27324,11644.44566,11962.66607,12310.82282,12699.38205,13105.44041,13540.5431,13982.88992,14335.2726,13103.11321,11222.59937,11756.06502,12715.23419,13672.64901,13636.43661,13596.80035,12606.01468,12100.4308,12771.14024,13307.92034,12776.77075,13172.17552,13622.55635,13762.64067,14215.1688,13641.26202,12853.68464,12955.26959,13857.90949,14278.82791,13937.07968,14546.65245,15690.75971,15598.02218,15076.81646,15091.70766,15135.48759,14232.24194,12275.27107,12129.80098,12379.78841,
png,Papua New Guinea,1312.56006,1358.94135,1412.56785,1437.51486,1527.22989,1648.27983,1705.99059,1736.12038,1771.43807,1874.00506,2028.53586,2105.1595,2171.49664,2259.80527,2266.53522,2196.98935,2076.43535,2048.90825,2177.1524,2171.05742,2077.58361,2029.42105,1994.61293,2016.07588,1966.70397,2002.02298,2051.25222,2062.96122,2077.60161,2002.68082,1892.30679,2008.35152,2206.99633,2515.63839,2570.33691,2397.40045,2492.07963,2310.98774,2147.04526,2112.0951,1989.57882,1920.78004,1854.41832,1832.6787,1821.84741,1875.82273,1915.23494,2000.97262,1934.03202,2003.2411,2140.50939,2102.03192,2139.48097,2162.10593,2391.3578,2484.59634,2557.09463,2584.88836,2518.45899,2572.56178,2438.61138,2378.37168,2467.23489,2515.2907,2572.03226
pol,Poland,,,,,,,,,,,,,,,,,,,,,,,,,,,,,,,5111.34533,4735.9277,4840.16859,5008.34909,5262.31524,5671.89574,6012.95806,6391.13173,6684.11478,6998.79475,7401.57698,7494.9609,7640.99308,7915.55424,8323.38774,8598.57681,9137.65851,9760.70426,10187.20179,10446.52891,10808.39757,11370.31343,11542.23534,11628.22868,12093.16228,12637.52203,13026.1859,13695.64528,14551.08503,15221.30906,15090.22284,16368.62397,17303.64494,17410.38301,17984.38001
prt,Portugal,4066.96725,4257.65387,4506.63564,4752.12529,5049.21863,5448.51728,5713.62845,6183.79182,6761.48795,6967.12461,7669.77191,8213.105,8885.14069,9877.2804,9851.78075,9072.05089,9426.10706,9849.08355,10017.75794,10469.81356,10832.52679,10912.7743,11077.87301,11007.50608,10759.11312,11030.95349,11477.29654,12212.99845,13141.29665,14008.10589,14593.27053,15265.87933,15444.20054,15110.13928,15214.93078,15811.71716,16304.37946,16946.08688,17671.31352,18258.09118,18822.09331,19053.08995,19095.11025,18846.54119,19137.83709,19251.71451,19529.31221,19979.57062,20014.47493,19371.13188,19698.68367,19389.63959,18679.76268,18597.72146,18836.8968,19215.7813,19662.82312,20364.19637,20997.77449,21569.18746,19778.71385,20747.69916,22042.86821,22311.30522,22479.20271
pry,Paraguay,1508.16141,1575.52406,1589.79546,1624.5187,1651.13205,1710.0329,1702.11402,1814.19962,1852.79561,1896.19772,1957.05006,2019.3411,2103.85688,2203.53402,2329.53831,2428.10852,2547.26284,2770.71212,3027.55721,3301.62489,3592.56127,3816.55409,3659.88259,3450.26584,3448.83909,3504.4783,3575.7969,3739.8341,3851.51632,4006.16,4059.77343,4091.49045,4054.04426,4147.78441,4262.14496,4445.18978,4411.3728,4496.02336,4402.1111,4252.49066,4074.48953,3972.88428,3916.44022,4035.71834,4151.34585,4193.28087,4349.31197,4540.38236,4788.66319,4727.59686,5191.05014,5342.19016,5230.26245,5583.12274,5794.47644,5879.33792,6041.95879,6243.13363,6354.2392,6243.53621,6109.19608,6278.11007,6218.19791,6449.23029,6640.83817
pse,Palestine,,,,,,,,,,,,,,,,,,,,,,,,,,,,,,,,,,,2137.38929,2189.26514,2118.82008,2323.20642,2589.20365,2732.87294,2436.01208,2153.45735,1836.98042,2041.60485,2426.41566,2632.24627,2540.26763,2569.98434,2685.98602,2840.01595,2927.08102,3128.10811,3237.9162,3309.6312,3227.84934,3272.15432,3483.09904,3462.97986,3417.79441,3378.43462,2922.46801,3051.48607,3099.9609,2888.76306,2072.0902
qat,Qatar,,,,,,,,,,,75772.76627,73839.0945,73532.831,73744.34044,71286.85873,69330.98885,69382.61398,59679.74894,60529.95604,59542.24233,55253.81064,52401.44048,45982.0956,42654.78621,42309.99263,39368.89595,39682.2413,38241.80978,39095.60383,40125.03289,40125.44503,38185.15133,41171.72351,39377.87416,38744.01422,38526.85348,39095.05795,48844.91749,51513.6335,50917.39641,52234.42444,51633.96068,52752.70812,52255.3835,59990.30649,60416.78292,64676.39689,61423.08709,61213.79439,60781.87495,72333.98486,81608.57169,80621.86072,76486.9693,71756.06493,68985.2947,67294.45858,64497.69872,64410.81713,63430.46076,57769.6041,65488.51179,64315.62636,65111.03332,62188.82786
rou,Romania,,,,,,,,,,,,,,,,,,,,,,,,,,,,,,,5019.43703,4409.15172,4059.0986,4126.76859,4295.27066,4572.25803,4764.63682,4546.66753,4463.60792,4453.78126,4569.30915,4875.30311,5248.54995,5410.30836,6008.64048,6328.09022,6876.77841,7483.97376,8318.00343,7924.87058,7660.70668,8044.57195,8234.28553,8287.95844,8661.47397,8977.01748,9286.87678,10106.22696,10788.01509,11270.4758,10916.31261,11607.97712,12114.87151,12399.00083,12493.42606
rus,Russia,,,,,,,,,,,,,,,,,,,,,,,,,,,,,,8105.89502,7849.51904,7432.02148,6345.91211,5798.91455,5071.74268,4862.64648,4686.86279,4760.33936,4515.50928,4819.38037,5323.6665,5618.95557,5910.17188,6370.45361,6856.67822,7323.38525,7949.89697,8640.40625,9093.7002,8381.86816,8755.12012,9120.82031,9464.01074,9601.53711,9493.8125,9277.71387,9269.31934,9418.91406,9674.78711,9882.02441,9632.3252,10231.31836,10119.0625,10562.02637,11043.25977
rwa,Rwanda,335.44057,312.29505,339.04185,298.9103,255.69258,266.55158,277.26274,287.62161,298.38723,321.1728,330.2362,324.48994,316.0704,317.55339,312.73259,297.25268,344.88446,341.52282,361.8971,392.81102,414.88527,423.67075,417.42279,427.87079,396.15354,399.8724,407.89413,394.64824,399.46632,387.27997,368.2196,351.72854,364.80921,322.71682,188.65828,305.38782,291.21084,286.80519,299.60114,310.09813,333.35509,358.44606,400.27042,400.19162,418.781,446.02981,474.3646,497.17162,538.32537,557.39781,583.37142,614.53965,651.85282,666.40879,690.6104,733.99863,759.60629,771.06924,817.57844,874.63966,826.39131,896.27103,948.41369,1004.33217,1070.45004
sau,Saudi Arabia,16039.29149,17298.293,18662.171,19550.80304,20493.32382,22142.5223,23078.45024,24200.34233,25058.30069,25526.18205,37361.65859,41183.78635,46644.4808,54345.67473,59924.2485,53743.56319,58684.09311,58778.05561,55609.83604,58225.42227,58094.29219,56355.6151,44478.94205,37250.51351,33693.40348,29520.52133,28170.24014,25788.64616,26066.24754,24884.33193,25918.96508,26742.68226,26709.03282,25649.06447,24808.65289,23876.24613,23699.13522,23406.03466,23179.85812,22214.42564,22247.8567,21193.09229,20025.432,20765.93877,21545.89499,21838.19153,21616.33558,21196.7926,21629.84057,20577.54534,21830.14243,23314.56514,23643.02861,23057.35629,23404.7306,23256.15496,22783.03896,23035.12,24393.51883,24905.66345,22827.67194,24922.67169,26706.91793,25634.82375,24917.18601
sdn,Sudan,851.73242,828.76697,861.47632,813.29309,780.66174,808.85443,757.51886,746.4021,739.07391,727.62805,748.24316,742.02948,682.65302,661.99139,711.01385,795.95349,898.20258,923.20062,837.25183,765.6731,747.91943,773.5448,790.59705,782.22516,726.96411,669.10333,692.19666,776.53082,764.45416,823.07684,764.45044,805.36731,842.00861,862.97815,850.29944,877.6933,908.66016,1050.31995,1069.27197,1074.88098,1111.11865,1150.17627,1185.21533,1226.42078,1255.67114,1290.24438,1336.12402,1372.10962,1381.62561,1301.34729,1311.22314,1388.21814,1288.25854,1283.45923,1307.38965,1292.37964,1297.15454,1261.87354,1185.94446,1126.55298,1056.86475,1009.54889,973.22528,677.72321,581.55585
sen,Senegal,1151.00214,1152.5229,1118.94106,1108.08162,1118.91076,1101.64023,1100.59486,1055.3388,1088.74527,987.49053,1040.51139,1008.44747,1041.19576,954.1762,965.74133,1010.12269,1071.6804,1017.81439,955.00218,997.71458,1012.16661,1037.70141,1091.73479,1002.79157,1014.21873,1020.46426,1022.55326,1055.32454,1016.82793,1027.27576,990.77752,988.63222,974.05486,960.50656,934.69207,960.84709,956.58879,962.73669,995.97909,1033.76396,1048.37474,1067.36887,1042.2551,1074.38578,1098.20065,1119.05053,1118.78304,1123.99862,1138.66884,1142.65317,1153.53431,1139.74448,1154.05678,1147.38592,1180.79871,1218.00614,1257.40907,1312.10933,1355.09611,1379.60875,1361.79144,1414.53951,1433.19919,1458.96642,1523.74521
sgp,Singapore,3611.95365,3777.39463,3951.76047,4239.99266,4004.45879,4214.50929,4529.52603,4984.78418,5562.32008,6237.25094,6997.19903,7722.86451,8590.60865,9325.56611,9732.72706,9974.22092,10572.5669,11141.5798,11863.69397,12834.16009,13953.89017,14737.30059,15106.25077,16186.91451,17280.37038,17149.3155,17396.02814,18986.7527,20595.97514,22031.89713,23272.70009,24132.71533,24973.43114,27139.95243,29220.27279,30379.89911,31349.31718,32835.25185,31043.10818,32557.04699,34890.08114,33597.86908,34598.82675,36709.7965,39856.63562,41798.48808,44159.41018,46178.81395,44601.57993,43331.87466,48752.05154,50713.53264,51679.35272,53298.97286,54681.93365,55645.60686,56986.78531,59485.30159,61250.34767,61345.52918,59189.70386,67731.26107,68218.80533,66167.35963,67706.83361
slb,Solomon Islands,,,,,,,,,,,,,,,,,,,,,2211.58799,2097.67551,1992.78025,2000.78547,1937.461,1815.03273,1753.11438,1840.38751,1804.4227,1822.71022,1805.74553,1856.38272,2029.96795,2049.29309,2151.04597,2299.99402,2270.4772,2186.42335,2153.3747,2086.02456,1747.731,1577.66696,1504.85795,1573.85522,1664.5803,1755.72812,1796.71896,1830.23676,1911.19453,1930.45659,2058.95427,2132.01998,2105.90759,2136.72037,2085.155,2045.47889,2084.24598,2075.3623,2061.89784,2043.07579,1930.64259,1933.17056,1932.78967,1937.16002,1939.81289
sle,Sierra Leone,884.05711,886.03858,911.23972,911.16148,955.1817,1005.40381,1003.80265,985.45578,986.44073,1050.49379,1119.62921,1137.08055,1126.45855,1130.75818,1148.8918,1146.78717,1121.22071,1101.18995,1106.11941,1133.68038,1165.12783,1174.70024,1205.86429,1155.59856,1176.83294,1089.92412,1076.77819,1124.08996,1016.68318,998.84022,992.25935,1003.77238,828.51604,841.77044,822.21831,755.34347,764.92452,710.74379,716.34603,698.54807,727.24091,642.03664,766.78869,806.06649,829.75977,842.90603,859.82426,872.68836,882.54148,872.23959,902.76989,950.76076,1025.04366,1146.81973,1032.23789,964.57598,1002.77862,1010.54694,1015.66783,1046.96778,1010.25295,1045.76616,1077.08885,1113.86838,1134.09253
slv,El Salvador,,,,,,2636.99662,2747.27195,2816.01216,2827.32144,2847.56497,2858.5643,2898.75102,3004.66954,3077.74959,3168.28128,3189.06564,3278.58861,3426.85616,3532.98752,3320.1122,2757.38812,2582.45157,2392.3839,2385.39641,2371.58493,2339.01155,2297.53501,2309.06459,2305.62179,2282.53716,2348.2046,2341.93382,2465.75989,2574.95135,2670.21279,2773.32529,2775.04629,2842.88487,2900.32064,2946.43302,2964.89347,2978.59735,3016.06308,3057.16468,3081.2363,3163.36118,3302.34817,3359.1623,3420.44927,3337.81151,3398.49346,3514.06914,3601.44223,3665.15473,3713.94992,3790.34089,3875.84691,3954.84014,4046.16292,4143.11437,3808.53195,4247.5475,4355.96084,4489.17788,4585.226
smr,San Marino,,,,,,,,,,,,,,,,,,,,,,,,,,,,,,,,,,,,,,48409.54768,51376.43622,55318.44583,55806.92197,58173.2936,57615.41006,59090.23311,58393.22367,59049.57745,60604.35089,62776.94616,61572.74357,52873.26819,49672.69778,46450.02517,42082.55545,42293.48707,42492.85092,43146.82404,43886.21469,43057.77848,42818.69627,43525.42257,40506.85211,46834.13951,51277.3461,,
som,Somalia,318.82483,300.51343,313.49261,313.98036,287.18289,263.10279,279.60077,288.54337,286.75946,274.57544,279.67091,278.26433,311.41643,266.40255,261.53839,292.52518,279.99861,309.81472,305.25953,256.27893,239.47024,252.48505,258.56416,221.45399,220.50529,231.96066,217.82204,231.38512,239.05407,252.36085,259.40002,277.5988,266.49841,269.4062,210.44619,211.08753,219.93638,214.85235,219.71216,226.44411,233.03239,239.83907,248.63645,257.91034,266.25727,275.45704,284.47079,294.2104,304.74145,317.03818,329.9705,349.57745,369.6172,397.1088,417.5168,445.58308,458.92148,506.5011,498.98107,494.55938,463.03252,461.84209,460.29965,465.1607,467.08718
srb,Serbia,,,,,,,,,,,,,,,,,,,,,,,,,,,,,,,,,,,,3012.49819,3200.76826,3497.55047,3699.40387,3329.45173,3542.35374,3788.98229,4038.65255,4233.77647,4527.43498,4809.13848,5016.41284,5431.27889,5735.94772,5578.01198,5690.70327,5737.0012,5739.3075,5793.33614,5716.54048,5820.32156,6024.95753,6200.2606,6524.07968,6870.75746,6850.96678,7465.67531,7857.40327,8210.55401,8575.54774
ssd,South Sudan,,,,,,,,,,,,,,,,,,,,,,,,,,,,,,,,,,,,,,,,,,,,,,,,,2289.18415,2293.80167,2295.07026,2073.23982,1069.19619,1165.16203,1197.09492,1080.14719,,,,,,,,,
stp,Sao Tome and Principe,,,,,,,,,,,985.0918,1015.74667,1017.08121,1011.34976,1045.17671,1075.52552,1065.93942,1281.27708,1283.35708,1454.96872,1405.76062,1234.82085,1249.50268,1179.55626,1087.44153,1163.80724,1071.36164,1014.69126,1008.24359,1013.5076,967.49081,957.94648,946.4825,939.60667,943.8914,947.33154,947.03015,942.97119,953.9855,966.22683,959.93818,973.42425,982.32907,1036.86196,1047.05796,1089.14779,1157.08614,1170.51612,1214.14115,1225.60542,1216.35025,1214.9613,1225.69453,1263.70424,1301.32146,1298.10947,1342.53381,1375.59403,1413.84349,1420.66008,1430.84119,1428.28676,1403.23357,1380.60169,1365.43698
sur,Suriname,3940.08135,3994.8957,3988.1114,4025.39761,4120.48612,4456.89703,5133.97497,5561.3081,5782.53661,5840.34086,5799.86722,5834.02487,5719.04238,5639.3858,5692.08852,5888.95396,6454.72148,7172.62107,7717.46333,7750.38885,7110.25142,7613.41614,7272.42377,6948.36988,6754.87416,6804.88235,6765.64455,6272.92939,6672.84558,6847.85743,6474.95571,6609.40134,6594.90415,6127.17764,6290.1575,6184.28344,6114.83572,6330.13718,6343.51345,6127.31036,6128.31602,6255.55274,6301.31731,6567.8431,7021.9892,7261.81714,7599.35697,7897.25649,8129.11465,8276.6908,8603.90787,9003.28598,9140.92899,9303.46009,9224.24378,8813.61705,8293.31553,8338.69235,8666.64871,8677.30522,7213.10767,6973.89942,7081.33357,7195.10209,7334.74148
svk,Slovak Republic,,,,,,,,,,,,,,,,,,,,,,,,,,,,,,,8597.46392,7338.79874,6843.30017,6946.84564,7348.9184,7755.62333,8212.83194,8647.39434,8966.21926,8914.68326,8997.212,9277.35809,9690.68468,10168.02257,10718.21019,11412.15936,12430.20155,13770.96027,14497.11144,13680.75371,14596.14778,14950.87352,15159.65704,15249.88245,15647.64918,16442.07609,16740.7414,17195.28887,17869.01492,18250.98025,17763.85638,18816.23938,18952.44529,19381.24607,19797.86568
svn,Slovenia,,,,,,,,,,,,,,,,,,,,,,,,,,,,,,,13615.58586,12395.91777,11735.84608,12098.34148,12757.63019,13278.74286,13674.1833,14400.67089,14874.29048,15646.68859,16146.12168,16576.71588,17099.65821,17635.36086,18425.26012,19102.27766,20166.53234,21485.78099,22175.23696,20307.61883,20444.12013,20535.41558,19894.8698,19704.2186,20228.7082,20697.27485,21309.71221,22397.7635,23293.96667,23943.18009,22811.80505,24659.24994,25276.93591,25708.86926,26045.88522
swe,Sweden,16812.15162,17683.79758,18335.55252,19203.91326,20361.15243,20941.09094,21176.46662,21721.83999,22386.02744,23342.74251,24622.94787,24685.10478,25175.57838,26129.46394,26887.00539,27464.06862,27653.91073,27116.00699,27510.74386,28504.88518,28930.67209,29027.42692,29373.07837,29917.80653,31154.86752,31775.4021,32554.78047,33534.53213,34234.98821,34910.16766,34902.92059,34268.55471,33673.43659,32786.87951,33861.97136,35063.9009,35604.96837,36675.20772,38211.11862,39785.38016,41561.09672,42013.70043,42831.01886,43474.57921,45113.83085,46188.84111,48077.44087,49261.23995,48427.75638,45973.55377,48204.65808,49355.68995,48788.86712,48927.59731,49556.7005,51197.95293,51746.69696,51985.93247,52363.38291,53156.86131,51715.78104,54458.35356,54878.29195,54557.13,54916.03039
swz,Eswatini,,,,,,,,,,,910.78421,1008.60295,1034.53753,1096.64352,1126.81526,1246.40999,1183.49332,1157.79192,1135.13788,1132.37989,1231.85117,1366.04548,1336.88547,1309.2165,1345.32723,1346.099,1452.4984,1601.28377,1629.70176,1756.648,2041.48165,1995.6186,1983.08126,1985.94278,2033.84109,2133.69859,2172.23325,2202.26892,2230.76815,2271.79978,2288.18591,2291.09108,2372.53399,2447.82158,2521.26198,2657.98545,2803.19134,2910.697,2914.8743,2941.57576,3035.32778,3086.37216,3235.47891,3342.18696,3371.35427,3420.75357,3559.85099,3584.61803,3560.81449,3742.38416,3596.06416,3676.84902,3680.42327,3771.3382,3832.56834
syc,Seychelles,3169.87194,2931.52296,3094.82323,3322.9426,3432.56045,3311.93105,3679.30051,3608.07515,3787.78709,3698.74353,3934.10746,4466.48702,4635.1953,4978.19666,4952.09434,4992.67635,5689.07506,5226.1727,6294.5138,7226.36841,6795.44213,6453.04441,6282.31243,6251.16837,6481.83312,7091.3107,7100.93735,7137.55604,7489.7403,8210.90697,8779.85231,8902.83799,9497.75541,9981.2446,9481.88053,9388.81968,10177.09047,11284.84598,11339.34813,11326.93861,11703.75352,11427.94131,11218.26065,10677.96921,10412.08689,11297.31182,12105.44753,13112.82101,12473.29218,12116.37837,12313.55669,13843.71161,14135.00106,14050.31356,14395.61581,15333.10517,16962.6754,17921.5732,18628.18623,19481.64611,17048.36173,17005.04221,15869.67388,16242.43659,16586.4075
syr,Syria,517.1311,556.255,672.56149,596.19838,631.86219,626.62805,560.7069,588.01756,590.71013,679.25795,645.57491,680.20636,826.21086,715.16056,869.84667,978.2918,1061.23602,1006.95039,1069.74648,1043.21856,1155.12896,1204.049,1197.25082,1183.93235,1056.12531,1114.96333,991.11034,973.62024,1110.6226,927.80668,931.88507,972.28583,1065.20469,1097.11041,1142.06398,1188.17539,1270.05125,1299.29857,1352.1279,1271.32227,1248.38488,1230.872,1249.00621,1307.48146,1363.61947,1411.63185,1420.72293,1411.68991,1423.59559,1484.40524,1526.36894,1542.71957,1142.2908,884.32981,847.65988,847.73163,802.9695,795.88322,792.41381,771.5187,740.8114,734.33424,712.27228,669.89969,
tcd,Chad,798.90306,793.9021,819.69043,790.32659,754.97346,744.52665,716.90455,708.48392,691.50346,724.33459,722.62144,691.63203,684.1412,612.23335,628.04493,670.03172,676.36001,678.64447,663.25401,510.17201,478.24965,482.64888,485.11321,534.05063,537.86163,648.5051,603.69786,568.98798,635.20457,644.02513,600.27619,628.11514,650.19139,535.27533,576.12534,558.10517,545.74881,557.03784,575.61345,551.94719,528.49218,570.53086,597.78688,658.92845,842.15876,949.08601,910.77345,918.26554,914.2506,870.3538,956.72415,965.59324,1016.65897,1008.54997,993.25649,993.99073,923.49435,878.91379,898.66904,917.08534,884.73087,857.29029,934.96773,929.94135,917.38645
tgo,Togo,449.34257,495.26047,504.9809,520.58164,582.29445,654.06173,691.45196,701.20361,706.57376,752.5029,744.01751,720.52102,753.67151,762.21813,779.00957,778.53712,744.30216,777.21265,842.40235,778.69781,867.45399,813.04612,758.25086,693.19743,707.57203,723.38526,712.72845,694.90673,719.00178,726.29348,703.6239,678.86979,633.66898,541.35702,620.18258,640.34986,671.50422,744.12658,706.68952,704.04379,679.53337,667.29828,675.44074,702.7992,678.28755,630.24863,629.07986,603.8379,610.40566,625.71184,644.56373,663.96378,687.4958,709.0923,730.29153,751.05241,763.27655,774.27691,791.59353,810.51413,806.95649,835.19905,862.76371,896.87469,923.47688
tha,Thailand,592.46564,606.20559,632.98304,663.55437,688.01731,722.3923,779.30498,822.06582,863.61716,894.63612,969.51172,989.90922,1005.14455,1079.19199,1099.0294,1125.83955,1202.74425,1291.91977,1394.18134,1438.5393,1482.08742,1538.43127,1589.42169,1645.99169,1707.9308,1754.62716,1818.90505,1957.75964,2180.41359,2406.26997,2631.51971,2810.56702,2989.85385,3186.99707,3391.48987,3614.93244,3766.86364,3614.60849,3295.36018,3403.08737,3514.71663,3599.02525,3783.75422,4018.15538,4232.77157,4372.2573,4551.525,4760.66708,4805.76394,4737.4568,5059.35748,5070.2374,5403.87846,5516.61164,5541.46599,5688.85335,5857.78053,6076.74308,6314.19948,6434.53771,6035.18628,6121.52697,6278.78551,6408.41433,6573.4443
tjk,Tajikistan,,,,,,,,,,,,,,,,,,,,,,,,,,1417.66822,1420.20198,1355.7385,1491.07389,1353.85337,1312.94701,1188.37461,827.58688,682.72726,528.04822,452.90439,369.93488,371.66124,389.08975,401.40638,429.5373,461.6812,501.80857,546.39148,590.95711,618.3337,649.16333,686.4809,726.18549,739.21288,770.60411,809.36823,849.51908,889.88238,925.97096,956.91631,997.35261,1042.26392,1094.8002,1148.34677,1171.90127,1254.07,1325.75545,1407.10754,1496.33813
tkm,Turkmenistan,,,,,,,,,,,,,,,,,,,,,,,,,,,,2645.64152,2849.2913,2651.25204,3495.74839,3252.31234,2703.31866,2684.18036,2174.38821,1981.94402,2078.71863,1810.78048,1906.90539,2181.15938,2255.01497,2306.30058,2266.63366,2295.29621,2364.26725,2622.61796,2856.77457,3114.0633,3504.34843,3645.43522,3900.14238,4379.74943,4761.07928,5131.16736,5533.03529,5759.4979,5977.83828,6222.55591,6460.94357,6718.16608,6965.11227,7248.70763,7551.0365,7880.44529,7919.0137
tls,Timor-Leste,,,,,,,,,,,,,,,,,,,,,,,,,,,,,,,633.18249,684.87053,736.59165,789.9007,823.06242,854.13047,897.36053,907.91657,865.83138,631.07291,1117.5643,1192.78576,1028.13193,964.32256,955.47055,964.02661,897.57376,961.84846,1042.86835,1120.09698,1195.38086,1237.48383,1269.41629,1281.92864,1312.96494,1319.59297,1333.65855,1267.0866,1243.00069,1504.54989,1947.83994,2014.78227,1578.51778,1278.41865,1235.83411
ton,Tonga,,,,,,,,,,,,,,,,,,,,,,2589.00431,2709.79084,2763.00221,2811.26351,2995.82264,3058.4824,3138.07903,3060.57558,3059.0942,2987.63694,3173.08633,3177.04258,3293.13542,3454.05484,3667.01895,3668.5961,3632.1124,3689.2167,3749.82348,3866.68591,3901.18072,4050.98962,4030.19691,3928.06031,3880.07054,3775.24849,3665.8955,3833.60169,3630.76097,3653.97817,3892.76808,3932.59367,3962.16981,4058.81584,4123.90347,4419.81475,4568.62485,4590.84204,4576.85098,4656.93187,4683.29955,4594.63439,4710.34866,
tto,Trinidad and Tobago,4296.41148,4796.18667,4832.26679,5008.57977,5295.34563,5243.28675,5372.02859,5404.48626,5612.46875,5696.9414,5834.20968,5829.558,6091.57475,6114.57771,6268.66106,6284.5732,6606.57378,7120.77545,7734.96377,7910.21476,8622.35061,8910.66491,9146.11607,8114.91478,7567.05564,7167.45642,6841.62594,6453.1476,6136.16206,6028.72231,6067.86315,6207.33212,6782.76879,6691.12372,6887.44965,7112.16219,7585.84714,8125.86302,8756.62238,9427.07017,10038.9827,10411.75885,11183.74222,12734.74875,13679.00318,15099.42613,17048.3311,17786.98091,18314.39352,17489.77292,17966.66203,17774.77123,18865.54677,19418.52774,20064.47989,19887.23374,18357.38489,17437.55378,17233.18287,17253.66145,15686.0929,15533.56936,15721.8301,15926.31685,16179.45999
tun,Tunisia,,1422.01912,1340.33325,1180.78841,1109.84741,1064.73458,1079.99693,1057.05201,1138.64491,1162.96415,1187.21475,1280.09147,1469.5383,1422.82584,1497.83528,1562.53069,1641.27431,1653.43902,1717.12278,1788.22384,1877.33705,1936.27745,1884.78472,1932.42642,1996.46587,2055.19412,1974.71524,2055.74166,2009.64037,2000.2893,2114.47309,2151.21131,2270.86744,2274.64478,2305.16427,2322.59509,2452.91248,2551.55386,2639.87841,2766.57366,2864.55076,2941.74276,2950.20794,3058.23293,3218.72739,3301.94246,3444.55583,3642.1245,3760.12317,3835.2551,3906.91133,3784.7462,3900.05127,3947.59276,4021.60477,4014.94774,4015.29664,4062.22678,4128.10394,4154.95862,3749.26722,3902.54258,3983.4913,3958.56223,3986.97109
tur,Turkey,2433.64796,2395.05067,2461.13508,2613.44761,2684.79795,2692.14218,2918.88528,2978.66706,3101.20901,3149.6594,3176.00881,3274.15428,3433.85189,3464.79537,3578.4996,3756.48135,4065.58728,4118.2524,4096.63006,3991.93559,3817.19377,3923.74378,3977.60776,4078.35504,4253.18576,4336.22005,4542.53346,4873.09953,4887.59929,4806.64171,5154.62433,5101.20725,5267.51549,5573.56502,5221.80789,5541.74699,5861.70189,6215.40338,6276.80835,5991.37219,6325.09609,5887.68577,6192.18555,6473.46274,7028.75556,7579.37203,8023.15099,8414.2535,8376.14925,7862.87076,8396.92342,9201.33726,9519.81509,10195.84758,10556.11704,11049.99511,11264.61457,11953.66642,12148.29313,12073.86907,12179.66265,13449.92913,14055.10315,14713.56707,15147.84149
tuv,Tuvalu,,,,,,,,,,,2435.17475,2387.33441,2337.9027,2297.20893,2203.95817,2066.06813,1956.79791,1804.13909,1702.08842,1641.76536,1590.96075,1597.62775,1317.70001,1412.9007,1496.60502,1442.84747,1731.91377,1908.4257,2237.59193,2157.53419,2450.79726,2502.27717,2540.75627,2619.69518,2863.67111,2698.96068,2521.22127,2756.31403,3166.39547,3102.10676,3056.55102,3043.15908,3320.16858,3152.22822,3042.61285,2864.90524,2900.9271,3069.67368,3230.2211,2987.80398,2879.29646,3028.25112,2922.0763,3030.55285,3035.24326,3357.83418,3558.61213,3666.2019,3757.85997,4345.99606,4233.01832,4396.04894,4515.29702,4773.34086,
tza,Tanzania,834.49243,820.25977,869.28998,897.04108,918.55493,929.98987,1006.95917,1030.12,1059.94592,1058.02795,547.60034,549.46747,567.9201,581.75903,572.99963,574.565,572.35706,552.28943,544.24005,539.40302,536.93317,515.71185,498.3746,480.39902,486.72552,476.97989,486.83136,493.8259,513.86859,519.22266,541.5448,538.96698,528.78156,518.6626,506.9725,508.84042,522.33325,529.95422,535.36316,546.60553,555.34808,573.40015,598.42157,621.7207,650.51654,680.05121,704.50275,731.52002,752.54047,772.92957,801.29932,838.99927,851.91071,882.81152,913.81122,939.12732,970.15613,1001.88745,1024.01526,1051.7666,1041.25964,1054.31726,1070.58533,1092.86414,1120.77417
uga,Uganda,,,,,,,,,,,,,,,,,,,,,,,359.20629,370.53996,359.51038,337.99795,329.57852,332.18594,348.37383,358.76989,369.83929,377.7805,377.60961,395.16395,406.5923,441.2262,468.4279,478.25066,487.00898,509.4554,509.19755,519.45655,547.40534,564.72054,585.33949,604.40481,650.27054,684.54224,722.56517,749.34287,768.62409,816.51637,823.58047,828.98867,845.97866,862.93461,874.64837,871.09388,895.07513,920.9391,917.03503,919.40168,933.09406,955.7458,986.84208
ukr,Ukraine,,,,,,,,,,,,,,,,,,,,,,,,,,,,3141.67969,3209.28223,3321.19092,3102.31055,2826.0647,2538.85278,2177.23486,1687.4845,1493.38208,1355.57336,1326.27795,1311.59363,1319.5332,1409.22266,1547.27832,1644.28125,1814.25854,2042.44495,2122.60156,2298.13232,2498.35205,2567.69409,2188.17017,2285.93384,2418.12085,2426.92944,2432.41626,2308.64355,2094.47388,2156.08301,2217.75293,2308.66699,2398.07837,2324.10742,2426.6123,1874.66296,2164.26123,2219.04248
ury,Uruguay,6634.19064,6714.42565,6529.05673,6464.23938,6548.58687,6547.983,6682.547,6380.13829,6447.95879,6778.45464,6894.77167,6839.05314,6712.49475,6694.22057,6847.4677,7218.47357,7453.06661,7514.58268,7874.42398,8322.21088,8772.5543,8875.41372,7976.39875,7125.0573,7011.48236,7080.00109,7663.58168,8229.87299,8302.57484,8344.46966,8320.3559,8565.26928,9193.55122,9388.10939,10019.34792,9822.8968,10316.20276,11138.86761,11584.94919,11357.08669,11096.33096,10643.5574,9806.77131,9878.75684,10366.90674,11131.39849,11574.47054,12310.48274,13165.83628,13691.71421,14722.37801,15443.99619,15949.3177,16639.40548,17122.03646,17125.90168,17357.235,17611.60367,17608.94412,17758.43844,16443.3635,17416.00522,18228.35584,18378.98336,18958.60333
usa,USA,18853.72175,19019.46525,19877.21529,20446.92973,21326.92669,22430.66523,23635.49716,24020.75332,24950.88278,25479.7488,25231.12716,25734.48283,26798.53361,28042.55192,27637.29977,27309.86882,28509.14306,29528.96637,30834.99923,31462.10039,31081.62163,31559.12934,30696.08344,31810.92161,33818.82355,34918.1302,35794.88777,36701.94539,37889.37735,38911.54189,39200.06581,38637.83982,39447.94728,40002.47623,41106.98818,41710.82072,42783.81657,44151.68604,45596.43069,47234.24553,48616.25463,48597.42461,48967.36612,49905.52331,51348.34734,52649.57131,53596.31524,54152.82927,53703.9629,51863.61834,52812.68299,53215.53623,54000.84108,54728.86018,55665.24112,56849.46979,57430.84993,58435.97075,59817.65568,61047.96482,59484.03355,62986.65631,64198.43249,65505.2557,66682.6147
uzb,Uzbekistan,,,,,,,,,,,,,,,,,,,,,,,,,,,,1483.85178,1575.30319,1582.00843,1569.0108,1524.20428,1320.59769,1260.7165,1169.86899,1136.35844,1134.17871,1172.71784,1204.09081,1238.36592,1269.72138,1306.60633,1341.95996,1381.82573,1466.61349,1549.04578,1643.14646,1773.75804,1904.45856,2025.04299,2144.64001,2271.00936,2395.84037,2530.68448,2659.99075,2803.19018,2918.67726,2995.76761,3108.16188,3259.36965,3249.05191,3442.72484,3576.71553,3725.67415,3890.41593
vct,St. Vincent and the Grenadines,1886.32868,1937.69876,1977.81973,1826.94949,1868.12097,1860.2361,1837.5015,1643.36335,1731.76375,1763.78571,1934.8788,1973.6327,2460.1381,2167.06343,1958.74772,1794.73157,1965.11159,2207.58884,2405.13718,2469.59167,2512.07373,2606.46896,2700.13153,2736.24785,2893.4731,3049.08142,3196.9877,3189.97346,3617.34725,3647.95195,3780.96338,3809.92855,4042.5849,4205.97564,4146.76955,4463.73517,4518.3464,4675.81189,4865.3846,4989.05263,5062.8308,5153.33776,5436.01128,5810.31292,6065.79528,6238.03062,6700.48066,6953.11709,7012.88003,6948.77357,6671.27354,6667.81703,6783.80062,6989.48255,7116.3548,7353.73556,7702.61696,7864.94737,8171.70523,8286.26735,7981.64858,8203.01335,8524.08985,9042.17816,9475.57408
vnm,Vietnam,,,,,,,,,,,,,,,,,,,,,,,,,595.49133,603.9775,607.59,616.71515,635.3982,668.32317,687.86032,713.74721,759.91085,805.60644,861.12242,927.62551,998.92491,1064.77803,1110.11268,1148.04465,1212.19658,1273.80527,1340.5167,1418.74337,1510.94449,1609.96268,1699.6762,1788.9485,1856.0052,1927.13427,2027.58184,2132.90454,2224.11404,2320.08431,2439.28656,2577.56885,2715.57887,2868.1368,3048.28328,3241.07649,3303.1695,3358.21735,3617.66311,3775.46376,4017.74604
vut,Vanuatu,,,,,,,,,,,,,,,,,,,,2972.18323,2573.70763,2627.56647,2617.91007,2632.26035,2813.70567,2771.10062,2697.32332,2553.0703,2446.21022,2421.12403,2637.26085,2653.4272,2655.29401,2610.15879,2780.06153,2743.74382,2745.60345,2819.04892,2793.24921,2745.16947,2841.73909,2676.92934,2475.16636,2518.52132,2555.73432,2626.85058,2780.97476,2791.74184,2875.08524,2888.13716,2856.77378,2883.2269,2849.05448,2799.28263,2807.83423,2854.89412,2889.01405,2946.96186,2960.65377,2986.20369,2771.87099,2666.3027,2740.27546,2651.47349,2694.69807
wsm,Samoa,,,,,,,,,,,2426.50141,2713.75862,2718.01974,2876.83918,2519.47781,2361.78248,2520.01001,2459.15342,2586.58843,2842.21968,2642.83412,2384.53202,2350.19489,2357.06875,2386.24368,2478.98471,2612.12338,2615.34941,2567.13986,2655.65474,2534.12205,2471.07143,2452.18685,2531.28193,2447.2026,2589.40524,2751.65427,2746.33661,2785.31171,2824.5533,2945.37218,3137.46404,3291.34245,3444.99858,3535.73814,3755.78243,3820.92239,3818.25504,3925.87433,3875.94292,4081.15536,4201.45664,4007.91093,3976.39289,3967.2373,4084.36084,4373.23792,4393.37316,4321.00518,4466.08075,4283.0728,3945.71949,3710.62463,4026.10094,4378.05394
yem,Yemen,,,,,,,,,,,,,,,,,,,,,,,,,,,,,,,1722.20807,1761.79476,1835.26372,1838.26526,1890.73717,1927.40471,1949.97906,1987.60774,2041.65172,2053.77839,2114.65261,2129.7525,2148.86823,2164.84031,2185.76927,2237.61641,2234.72148,2235.72957,2244.02364,2257.44762,2356.1996,1994.83663,1981.458,2014.72891,1950.16254,1362.17381,1197.95866,1103.45635,1079.32938,,,,,,
zaf,South Africa,3993.4368,4032.22272,4155.85711,4329.07392,4532.23431,4664.09699,4722.49942,4906.85685,4953.80065,5029.64691,5135.5615,5200.74322,5137.37692,5220.82177,5385.83134,5327.51843,5301.9864,5155.68576,5168.0693,5220.72506,5399.54068,5498.59203,5291.38261,5015.37142,5091.71936,4865.05694,4712.81869,4664.13012,4714.22284,4687.29105,4544.23023,4396.36069,4225.81433,4193.59826,4258.26185,4337.2973,4465.5065,4527.04992,4494.85711,4552.85008,4700.87556,4786.48245,4916.81498,5011.62223,5187.35683,5406.07581,5650.98832,5891.42069,6009.71963,5847.05811,5953.94507,6067.12483,6121.55784,6170.87671,6155.00589,6112.27382,6095.29506,6125.69205,6117.27014,6032.82973,5569.58483,5756.19549,5783.8609,5747.41965,5708.96442
zmb,Zambia,1187.7046,1166.74596,1102.44582,1103.10813,1199.39219,1355.45681,1239.68922,1295.60865,1270.07902,1224.90388,1246.65383,1211.70973,1286.57717,1238.05913,1279.53707,1213.57722,1250.5415,1157.75814,1129.47163,1062.96293,1062.936,1094.46196,1030.04718,977.75971,944.93059,931.80826,910.94454,908.68004,939.59968,905.74738,878.58921,856.76172,821.8501,857.03967,764.63941,768.0352,796.01806,805.5324,781.66338,796.37799,804.48463,822.02094,833.02118,863.65019,895.47526,929.07926,968.56357,1013.08567,1053.58612,1110.71918,1183.41712,1208.46425,1258.78939,1280.77012,1299.01242,1295.87789,1303.57514,1308.76829,1321.25046,1301.18133,1228.735,1269.10822,1298.84805,1330.85998,1346.27649
zwe,Zimbabwe,1141.96564,1176.71359,1156.64383,1190.72798,1140.99531,1159.8515,1140.98449,1198.14879,1183.82488,1289.44722,1532.61892,1619.97291,1701.80344,1691.80929,1746.51845,1659.33569,1617.08152,1468.21185,1407.93446,1431.60556,1546.45357,1634.02375,1612.99727,1577.48248,1493.34939,1542.75844,1523.27747,1490.6779,1553.32855,1587.4339,1652.7215,1699.29989,1503.06638,1496.83096,1633.13243,1620.5924,1759.04327,1772.60271,1788.43763,1745.33625,1676.49245,1689.28525,1524.30189,1250.28176,1164.95029,1088.077,1037.69395,986.69582,802.63503,896.45789,1055.66993,1184.32961,1359.4583,1367.1204,1380.54927,1386.41856,1377.63928,1422.19346,1471.39489,1356.83821,1230.19156,1311.531,1368.49842,1417.55776,1420.80317
